datei,svg_quelle,wrapper_klasse
classes/cl_DataElement_Namespace_DataElementInterface_20492b.html,diagrams/classes/cl_DataElement_Namespace_DataElementInterface_20492b/svg_01.svg,umlwrap
classes/cl_DataIdentifier_Namespace_DataIdentifierInterface_074d99.html,diagrams/classes/cl_DataIdentifier_Namespace_DataIdentifierInterface_074d99/svg_01.svg,umlwrap
classes/cl_ExtendedDataRecord_Namespace_ExtendedDataRecordElementInter_389847.html,diagrams/classes/cl_ExtendedDataRecord_Namespace_ExtendedDataRecordElementInter_389847/svg_01.svg,umlwrap
classes/cl_RoutineInterface_Namespace_RoutineInterface_e99be1.html,diagrams/classes/cl_RoutineInterface_Namespace_RoutineInterface_e99be1/svg_01.svg,umlwrap
classes/cl_SI_Namespace_common_SI_4f24cf.html,diagrams/classes/cl_SI_Namespace_common_SI_4f24cf/svg_01.svg,umlwrap
classes/cl_SI_Namespace_proxy_SI_Proxy_059f5c.html,diagrams/classes/cl_SI_Namespace_proxy_SI_Proxy_059f5c/svg_01.svg,umlwrap
classes/cl_SI_Namespace_proxy_SI_Proxy_HandleType_73854b.html,diagrams/classes/cl_SI_Namespace_proxy_SI_Proxy_HandleType_73854b/svg_01.svg,umlwrap
classes/cl_SI_Namespace_proxy_events_Event_ed6992.html,diagrams/classes/cl_SI_Namespace_proxy_events_Event_ed6992/svg_01.svg,umlwrap
classes/cl_SI_Namespace_proxy_fields_Field_768e1a.html,diagrams/classes/cl_SI_Namespace_proxy_fields_Field_768e1a/svg_01.svg,umlwrap
classes/cl_SI_Namespace_proxy_methods_FnFMethod_74874c.html,diagrams/classes/cl_SI_Namespace_proxy_methods_FnFMethod_74874c/svg_01.svg,umlwrap
classes/cl_SI_Namespace_proxy_methods_Method_e89335.html,diagrams/classes/cl_SI_Namespace_proxy_methods_Method_e89335/svg_01.svg,umlwrap
classes/cl_SI_Namespace_proxy_triggers_Trigger_d98590.html,diagrams/classes/cl_SI_Namespace_proxy_triggers_Trigger_d98590/svg_01.svg,umlwrap
classes/cl_SI_Namespace_skeleton_SI_Skeleton_317026.html,diagrams/classes/cl_SI_Namespace_skeleton_SI_Skeleton_317026/svg_01.svg,umlwrap
classes/cl_SI_Namespace_skeleton_events_Event_99cf79.html,diagrams/classes/cl_SI_Namespace_skeleton_events_Event_99cf79/svg_01.svg,umlwrap
classes/cl_SI_Namespace_skeleton_fields_Field_f27d36.html,diagrams/classes/cl_SI_Namespace_skeleton_fields_Field_f27d36/svg_01.svg,umlwrap
classes/cl_SI_Namespace_skeleton_triggers_Trigger_7c7d63.html,diagrams/classes/cl_SI_Namespace_skeleton_triggers_Trigger_7c7d63/svg_01.svg,umlwrap
classes/cl_apext_com_secoc_ComSecOcFvmErrorDomain_3955cb.html,diagrams/classes/cl_apext_com_secoc_ComSecOcFvmErrorDomain_3955cb/svg_01.svg,umlwrap
classes/cl_apext_com_secoc_ComSecOcFvmException_4a3922.html,diagrams/classes/cl_apext_com_secoc_ComSecOcFvmException_4a3922/svg_01.svg,umlwrap
classes/cl_apext_com_secoc_FVContainer_6daeaa.html,diagrams/classes/cl_apext_com_secoc_FVContainer_6daeaa/svg_01.svg,umlwrap
classes/cl_apext_com_secoc_FVM_8d368e.html,diagrams/classes/cl_apext_com_secoc_FVM_8d368e/svg_01.svg,umlwrap
classes/cl_apext_diag_uds_transport_UdsMessage_a98d15.html,diagrams/classes/cl_apext_diag_uds_transport_UdsMessage_a98d15/svg_01.svg,umlwrap
classes/cl_apext_diag_uds_transport_UdsTransportProtocolHandler_0a82b6.html,diagrams/classes/cl_apext_diag_uds_transport_UdsTransportProtocolHandler_0a82b6/svg_01.svg,umlwrap
classes/cl_apext_diag_uds_transport_UdsTransportProtocolMgr_83bb5e.html,diagrams/classes/cl_apext_diag_uds_transport_UdsTransportProtocolMgr_83bb5e/svg_01.svg,umlwrap
classes/cl_apext_diag_uds_transport_UdsTransportProtocolPeriodicHandler_cfe581.html,diagrams/classes/cl_apext_diag_uds_transport_UdsTransportProtocolPeriodicHandler_cfe581/svg_01.svg,umlwrap
classes/cl_apext_phm_WatchdogInterface_961d01.html,diagrams/classes/cl_apext_phm_WatchdogInterface_961d01/svg_01.svg,umlwrap
classes/cl_apext_sm_PowerStateInterface_0ecf4e.html,diagrams/classes/cl_apext_sm_PowerStateInterface_0ecf4e/svg_01.svg,umlwrap
classes/cl_apext_tsync_FVContainer_9ac97b.html,diagrams/classes/cl_apext_tsync_FVContainer_9ac97b/svg_01.svg,umlwrap
classes/cl_apext_tsync_FVM_0c1a89.html,diagrams/classes/cl_apext_tsync_FVM_0c1a89/svg_01.svg,umlwrap
classes/cl_apext_tsync_TsyncFvmErrorDomain_db2ac9.html,diagrams/classes/cl_apext_tsync_TsyncFvmErrorDomain_db2ac9/svg_01.svg,umlwrap
classes/cl_apext_tsync_TsyncFvmException_feac76.html,diagrams/classes/cl_apext_tsync_TsyncFvmException_feac76/svg_01.svg,umlwrap
classes/cl_ara_com_ComErrorDomain_f7fe3f.html,diagrams/classes/cl_ara_com_ComErrorDomain_f7fe3f/svg_01.svg,umlwrap
classes/cl_ara_com_ComException_85bfb4.html,diagrams/classes/cl_ara_com_ComException_85bfb4/svg_01.svg,umlwrap
classes/cl_ara_com_FindServiceHandle_c56b5d.html,diagrams/classes/cl_ara_com_FindServiceHandle_c56b5d/svg_01.svg,umlwrap
classes/cl_ara_com_InstanceIdentifier_662eea.html,diagrams/classes/cl_ara_com_InstanceIdentifier_662eea/svg_01.svg,umlwrap
classes/cl_ara_com_SamplePtr_f95130.html,diagrams/classes/cl_ara_com_SamplePtr_f95130/svg_01.svg,umlwrap
classes/cl_ara_com_ServiceIdentifierType_7d13a0.html,diagrams/classes/cl_ara_com_ServiceIdentifierType_7d13a0/svg_01.svg,umlwrap
classes/cl_ara_com_ServiceVersionType_c1349a.html,diagrams/classes/cl_ara_com_ServiceVersionType_c1349a/svg_01.svg,umlwrap
classes/cl_ara_com_e2e_ComE2EErrorDomain_fb2892.html,diagrams/classes/cl_ara_com_e2e_ComE2EErrorDomain_fb2892/svg_01.svg,umlwrap
classes/cl_ara_com_e2e_ComE2EException_720917.html,diagrams/classes/cl_ara_com_e2e_ComE2EException_720917/svg_01.svg,umlwrap
classes/cl_ara_core_Array_940f9b.html,diagrams/classes/cl_ara_core_Array_940f9b/svg_01.svg,umlwrap
classes/cl_ara_core_BasicString_b75ad8.html,diagrams/classes/cl_ara_core_BasicString_b75ad8/svg_01.svg,umlwrap
classes/cl_ara_core_Bitset_9afc89.html,diagrams/classes/cl_ara_core_Bitset_9afc89/svg_01.svg,umlwrap
classes/cl_ara_core_Bitset_reference_d7719d.html,diagrams/classes/cl_ara_core_Bitset_reference_d7719d/svg_01.svg,umlwrap
classes/cl_ara_core_CoreErrorDomain_723639.html,diagrams/classes/cl_ara_core_CoreErrorDomain_723639/svg_01.svg,umlwrap
classes/cl_ara_core_CoreException_6fef0c.html,diagrams/classes/cl_ara_core_CoreException_6fef0c/svg_01.svg,umlwrap
classes/cl_ara_core_ErrorCode_538b08.html,diagrams/classes/cl_ara_core_ErrorCode_538b08/svg_01.svg,umlwrap
classes/cl_ara_core_ErrorDomain_a538fe.html,diagrams/classes/cl_ara_core_ErrorDomain_a538fe/svg_01.svg,umlwrap
classes/cl_ara_core_Exception_a2d771.html,diagrams/classes/cl_ara_core_Exception_a2d771/svg_01.svg,umlwrap
classes/cl_ara_core_Executor_3ea577.html,diagrams/classes/cl_ara_core_Executor_3ea577/svg_01.svg,umlwrap
classes/cl_ara_core_FutureErrorDomain_fa421f.html,diagrams/classes/cl_ara_core_FutureErrorDomain_fa421f/svg_01.svg,umlwrap
classes/cl_ara_core_FutureException_aa6c40.html,diagrams/classes/cl_ara_core_FutureException_aa6c40/svg_01.svg,umlwrap
classes/cl_ara_core_Future_420ba8.html,diagrams/classes/cl_ara_core_Future_420ba8/svg_01.svg,umlwrap
classes/cl_ara_core_Future_void_E_7151bc.html,diagrams/classes/cl_ara_core_Future_void_E_7151bc/svg_01.svg,umlwrap
classes/cl_ara_core_InstanceSpecifier_4f5967.html,diagrams/classes/cl_ara_core_InstanceSpecifier_4f5967/svg_01.svg,umlwrap
classes/cl_ara_core_Map_cba7f0.html,diagrams/classes/cl_ara_core_Map_cba7f0/svg_01.svg,umlwrap
classes/cl_ara_core_Map_value_compare_a09452.html,diagrams/classes/cl_ara_core_Map_value_compare_a09452/svg_01.svg,umlwrap
classes/cl_ara_core_MemoryResource_67fcc0.html,diagrams/classes/cl_ara_core_MemoryResource_67fcc0/svg_01.svg,umlwrap
classes/cl_ara_core_MonotonicBufferResource_ff50ce.html,diagrams/classes/cl_ara_core_MonotonicBufferResource_ff50ce/svg_01.svg,umlwrap
classes/cl_ara_core_Optional_27f98b.html,diagrams/classes/cl_ara_core_Optional_27f98b/svg_01.svg,umlwrap
classes/cl_ara_core_Optional_T_35cc9e.html,diagrams/classes/cl_ara_core_Optional_T_35cc9e/svg_01.svg,umlwrap
classes/cl_ara_core_PolymorphicAllocator_82ca05.html,diagrams/classes/cl_ara_core_PolymorphicAllocator_82ca05/svg_01.svg,umlwrap
classes/cl_ara_core_PoolOptions_c9b7fd.html,diagrams/classes/cl_ara_core_PoolOptions_c9b7fd/svg_01.svg,umlwrap
classes/cl_ara_core_Promise_6db9e1.html,diagrams/classes/cl_ara_core_Promise_6db9e1/svg_01.svg,umlwrap
classes/cl_ara_core_Promise_void_E_e5a8db.html,diagrams/classes/cl_ara_core_Promise_void_E_e5a8db/svg_01.svg,umlwrap
classes/cl_ara_core_Result_T_E_8b59ba.html,diagrams/classes/cl_ara_core_Result_T_E_8b59ba/svg_01.svg,umlwrap
classes/cl_ara_core_Result_d51722.html,diagrams/classes/cl_ara_core_Result_d51722/svg_01.svg,umlwrap
classes/cl_ara_core_Result_void_E_c9d1e9.html,diagrams/classes/cl_ara_core_Result_void_E_c9d1e9/svg_01.svg,umlwrap
classes/cl_ara_core_Span_f16d72.html,diagrams/classes/cl_ara_core_Span_f16d72/svg_01.svg,umlwrap
classes/cl_ara_core_SteadyClock_57bda3.html,diagrams/classes/cl_ara_core_SteadyClock_57bda3/svg_01.svg,umlwrap
classes/cl_ara_core_StringView_cfeb8f.html,diagrams/classes/cl_ara_core_StringView_cfeb8f/svg_01.svg,umlwrap
classes/cl_ara_core_SynchronizedPoolResource_dbddce.html,diagrams/classes/cl_ara_core_SynchronizedPoolResource_dbddce/svg_01.svg,umlwrap
classes/cl_ara_core_UnsynchronizedPoolResource_652373.html,diagrams/classes/cl_ara_core_UnsynchronizedPoolResource_652373/svg_01.svg,umlwrap
classes/cl_ara_core_Variant_70f719.html,diagrams/classes/cl_ara_core_Variant_70f719/svg_01.svg,umlwrap
classes/cl_ara_core_Vector_53b788.html,diagrams/classes/cl_ara_core_Vector_53b788/svg_01.svg,umlwrap
classes/cl_ara_core_in_place_index_t_c66f81.html,diagrams/classes/cl_ara_core_in_place_index_t_c66f81/svg_01.svg,umlwrap
classes/cl_ara_core_in_place_t_343915.html,diagrams/classes/cl_ara_core_in_place_t_343915/svg_01.svg,umlwrap
classes/cl_ara_core_in_place_type_t_8f2d1a.html,diagrams/classes/cl_ara_core_in_place_type_t_8f2d1a/svg_01.svg,umlwrap
classes/cl_ara_crypto_CryptoErrorDomain_65cc5f.html,diagrams/classes/cl_ara_crypto_CryptoErrorDomain_65cc5f/svg_01.svg,umlwrap
classes/cl_ara_crypto_CryptoException_e96f3d.html,diagrams/classes/cl_ara_crypto_CryptoException_e96f3d/svg_01.svg,umlwrap
classes/cl_ara_crypto_Formatter_6738f9.html,diagrams/classes/cl_ara_crypto_Formatter_6738f9/svg_01.svg,umlwrap
classes/cl_ara_crypto_SecureCounter_b841c1.html,diagrams/classes/cl_ara_crypto_SecureCounter_b841c1/svg_01.svg,umlwrap
classes/cl_ara_crypto_Serializable_e0adda.html,diagrams/classes/cl_ara_crypto_Serializable_e0adda/svg_01.svg,umlwrap
classes/cl_ara_crypto_cryp_AuthCipherCtx_353b5a.html,diagrams/classes/cl_ara_crypto_cryp_AuthCipherCtx_353b5a/svg_01.svg,umlwrap
classes/cl_ara_crypto_cryp_CryptoContext_b86b98.html,diagrams/classes/cl_ara_crypto_cryp_CryptoContext_b86b98/svg_01.svg,umlwrap
classes/cl_ara_crypto_cryp_CryptoObject_b2f4d2.html,diagrams/classes/cl_ara_crypto_cryp_CryptoObject_b2f4d2/svg_01.svg,umlwrap
classes/cl_ara_crypto_cryp_CryptoProvider_4d0caf.html,diagrams/classes/cl_ara_crypto_cryp_CryptoProvider_4d0caf/svg_01.svg,umlwrap
classes/cl_ara_crypto_cryp_DecryptorPrivateCtx_cabc29.html,diagrams/classes/cl_ara_crypto_cryp_DecryptorPrivateCtx_cabc29/svg_01.svg,umlwrap
classes/cl_ara_crypto_cryp_EncryptorPublicCtx_16f282.html,diagrams/classes/cl_ara_crypto_cryp_EncryptorPublicCtx_16f282/svg_01.svg,umlwrap
classes/cl_ara_crypto_cryp_HashFunctionCtx_88abb5.html,diagrams/classes/cl_ara_crypto_cryp_HashFunctionCtx_88abb5/svg_01.svg,umlwrap
classes/cl_ara_crypto_cryp_KeyAgreementPrivateCtx_bb2a70.html,diagrams/classes/cl_ara_crypto_cryp_KeyAgreementPrivateCtx_bb2a70/svg_01.svg,umlwrap
classes/cl_ara_crypto_cryp_KeyDecapsulatorPrivateCtx_e9fc9a.html,diagrams/classes/cl_ara_crypto_cryp_KeyDecapsulatorPrivateCtx_e9fc9a/svg_01.svg,umlwrap
classes/cl_ara_crypto_cryp_KeyDerivationFunctionCtx_eea245.html,diagrams/classes/cl_ara_crypto_cryp_KeyDerivationFunctionCtx_eea245/svg_01.svg,umlwrap
classes/cl_ara_crypto_cryp_KeyEncapsulatorPublicCtx_61a405.html,diagrams/classes/cl_ara_crypto_cryp_KeyEncapsulatorPublicCtx_61a405/svg_01.svg,umlwrap
classes/cl_ara_crypto_cryp_KeySlot_ded1fc.html,diagrams/classes/cl_ara_crypto_cryp_KeySlot_ded1fc/svg_01.svg,umlwrap
classes/cl_ara_crypto_cryp_MessageAuthnCodeCtx_a21d04.html,diagrams/classes/cl_ara_crypto_cryp_MessageAuthnCodeCtx_a21d04/svg_01.svg,umlwrap
classes/cl_ara_crypto_cryp_PrivateKey_a661f0.html,diagrams/classes/cl_ara_crypto_cryp_PrivateKey_a661f0/svg_01.svg,umlwrap
classes/cl_ara_crypto_cryp_ProtectedKeyImportCtx_fbf507.html,diagrams/classes/cl_ara_crypto_cryp_ProtectedKeyImportCtx_fbf507/svg_01.svg,umlwrap
classes/cl_ara_crypto_cryp_PublicKey_11ccb6.html,diagrams/classes/cl_ara_crypto_cryp_PublicKey_11ccb6/svg_01.svg,umlwrap
classes/cl_ara_crypto_cryp_RandomGeneratorCtx_785bfa.html,diagrams/classes/cl_ara_crypto_cryp_RandomGeneratorCtx_785bfa/svg_01.svg,umlwrap
classes/cl_ara_crypto_cryp_SignerPrivateCtx_ca7ab5.html,diagrams/classes/cl_ara_crypto_cryp_SignerPrivateCtx_ca7ab5/svg_01.svg,umlwrap
classes/cl_ara_crypto_cryp_SymmetricCipherCtx_17a141.html,diagrams/classes/cl_ara_crypto_cryp_SymmetricCipherCtx_17a141/svg_01.svg,umlwrap
classes/cl_ara_crypto_cryp_SymmetricKeyWrapperCtx_eff1d9.html,diagrams/classes/cl_ara_crypto_cryp_SymmetricKeyWrapperCtx_eff1d9/svg_01.svg,umlwrap
classes/cl_ara_crypto_cryp_SymmetricKey_25c975.html,diagrams/classes/cl_ara_crypto_cryp_SymmetricKey_25c975/svg_01.svg,umlwrap
classes/cl_ara_crypto_cryp_VerifierPublicCtx_cbefc2.html,diagrams/classes/cl_ara_crypto_cryp_VerifierPublicCtx_cbefc2/svg_01.svg,umlwrap
classes/cl_ara_crypto_cryp_WriteableKeySlot_96e71e.html,diagrams/classes/cl_ara_crypto_cryp_WriteableKeySlot_96e71e/svg_01.svg,umlwrap
classes/cl_ara_crypto_x509_CertSignRequest_04d18b.html,diagrams/classes/cl_ara_crypto_x509_CertSignRequest_04d18b/svg_01.svg,umlwrap
classes/cl_ara_crypto_x509_CertificateValidationCtx_807113.html,diagrams/classes/cl_ara_crypto_x509_CertificateValidationCtx_807113/svg_01.svg,umlwrap
classes/cl_ara_crypto_x509_CertificateValidationResult_1cea9c.html,diagrams/classes/cl_ara_crypto_x509_CertificateValidationResult_1cea9c/svg_01.svg,umlwrap
classes/cl_ara_crypto_x509_Certificate_922056.html,diagrams/classes/cl_ara_crypto_x509_Certificate_922056/svg_01.svg,umlwrap
classes/cl_ara_crypto_x509_OcspResponse_ae8bcf.html,diagrams/classes/cl_ara_crypto_x509_OcspResponse_ae8bcf/svg_01.svg,umlwrap
classes/cl_ara_crypto_x509_X509DN_3945b5.html,diagrams/classes/cl_ara_crypto_x509_X509DN_3945b5/svg_01.svg,umlwrap
classes/cl_ara_crypto_x509_X509Provider_b14d9a.html,diagrams/classes/cl_ara_crypto_x509_X509Provider_b14d9a/svg_01.svg,umlwrap
classes/cl_ara_diag_Authentication_024e34.html,diagrams/classes/cl_ara_diag_Authentication_024e34/svg_01.svg,umlwrap
classes/cl_ara_diag_CancellationHandler_e2b2ab.html,diagrams/classes/cl_ara_diag_CancellationHandler_e2b2ab/svg_01.svg,umlwrap
classes/cl_ara_diag_ClientAuthenticationHandle_f03a02.html,diagrams/classes/cl_ara_diag_ClientAuthenticationHandle_f03a02/svg_01.svg,umlwrap
classes/cl_ara_diag_ClientAuthentication_f83028.html,diagrams/classes/cl_ara_diag_ClientAuthentication_f83028/svg_01.svg,umlwrap
classes/cl_ara_diag_CommunicationControl_ComCtrlRequestParamsType_4b6336.html,diagrams/classes/cl_ara_diag_CommunicationControl_ComCtrlRequestParamsType_4b6336/svg_01.svg,umlwrap
classes/cl_ara_diag_CommunicationControl_bc19db.html,diagrams/classes/cl_ara_diag_CommunicationControl_bc19db/svg_01.svg,umlwrap
classes/cl_ara_diag_Condition_b614dc.html,diagrams/classes/cl_ara_diag_Condition_b614dc/svg_01.svg,umlwrap
classes/cl_ara_diag_Conversation_8b92b3.html,diagrams/classes/cl_ara_diag_Conversation_8b92b3/svg_01.svg,umlwrap
classes/cl_ara_diag_CounterBased_3e0a55.html,diagrams/classes/cl_ara_diag_CounterBased_3e0a55/svg_01.svg,umlwrap
classes/cl_ara_diag_DTCInformation_3c3d92.html,diagrams/classes/cl_ara_diag_DTCInformation_3c3d92/svg_01.svg,umlwrap
classes/cl_ara_diag_DTCInformation_SnapshotDataIdentifierType_a23042.html,diagrams/classes/cl_ara_diag_DTCInformation_SnapshotDataIdentifierType_a23042/svg_01.svg,umlwrap
classes/cl_ara_diag_DTCInformation_SnapshotDataRecordType_313075.html,diagrams/classes/cl_ara_diag_DTCInformation_SnapshotDataRecordType_313075/svg_01.svg,umlwrap
classes/cl_ara_diag_DTCInformation_SnapshotRecordUpdatedType_1c8ea6.html,diagrams/classes/cl_ara_diag_DTCInformation_SnapshotRecordUpdatedType_1c8ea6/svg_01.svg,umlwrap
classes/cl_ara_diag_DTCInformation_UdsDtcStatusByteType_4d708b.html,diagrams/classes/cl_ara_diag_DTCInformation_UdsDtcStatusByteType_4d708b/svg_01.svg,umlwrap
classes/cl_ara_diag_DataIdentifierConcurrencyType_278eb4.html,diagrams/classes/cl_ara_diag_DataIdentifierConcurrencyType_278eb4/svg_01.svg,umlwrap
classes/cl_ara_diag_DataTransferReadByPullHandler_9b9d23.html,diagrams/classes/cl_ara_diag_DataTransferReadByPullHandler_9b9d23/svg_01.svg,umlwrap
classes/cl_ara_diag_DataTransferReadByPushHandler_c5d8ae.html,diagrams/classes/cl_ara_diag_DataTransferReadByPushHandler_c5d8ae/svg_01.svg,umlwrap
classes/cl_ara_diag_DataTransferReadSession_1df8ab.html,diagrams/classes/cl_ara_diag_DataTransferReadSession_1df8ab/svg_01.svg,umlwrap
classes/cl_ara_diag_DataTransferReadSharedDataHandler_129ecd.html,diagrams/classes/cl_ara_diag_DataTransferReadSharedDataHandler_129ecd/svg_01.svg,umlwrap
classes/cl_ara_diag_DataTransferWriteHandler_6b61bd.html,diagrams/classes/cl_ara_diag_DataTransferWriteHandler_6b61bd/svg_01.svg,umlwrap
classes/cl_ara_diag_DataTransferWriteSession_4220e3.html,diagrams/classes/cl_ara_diag_DataTransferWriteSession_4220e3/svg_01.svg,umlwrap
classes/cl_ara_diag_DiagErrorDomain_3f58d2.html,diagrams/classes/cl_ara_diag_DiagErrorDomain_3f58d2/svg_01.svg,umlwrap
classes/cl_ara_diag_DiagException_0ce2a1.html,diagrams/classes/cl_ara_diag_DiagException_0ce2a1/svg_01.svg,umlwrap
classes/cl_ara_diag_DiagOfferErrorDomain_453d20.html,diagrams/classes/cl_ara_diag_DiagOfferErrorDomain_453d20/svg_01.svg,umlwrap
classes/cl_ara_diag_DiagOfferException_d72c58.html,diagrams/classes/cl_ara_diag_DiagOfferException_d72c58/svg_01.svg,umlwrap
classes/cl_ara_diag_DiagReportingErrorDomain_57e585.html,diagrams/classes/cl_ara_diag_DiagReportingErrorDomain_57e585/svg_01.svg,umlwrap
classes/cl_ara_diag_DiagReportingException_3e6864.html,diagrams/classes/cl_ara_diag_DiagReportingException_3e6864/svg_01.svg,umlwrap
classes/cl_ara_diag_DiagSovdErrorDomain_0adc8c.html,diagrams/classes/cl_ara_diag_DiagSovdErrorDomain_0adc8c/svg_01.svg,umlwrap
classes/cl_ara_diag_DiagSovdException_e7d05d.html,diagrams/classes/cl_ara_diag_DiagSovdException_e7d05d/svg_01.svg,umlwrap
classes/cl_ara_diag_DiagUdsNrcErrorDomain_366117.html,diagrams/classes/cl_ara_diag_DiagUdsNrcErrorDomain_366117/svg_01.svg,umlwrap
classes/cl_ara_diag_DiagUdsNrcException_c1fe56.html,diagrams/classes/cl_ara_diag_DiagUdsNrcException_c1fe56/svg_01.svg,umlwrap
classes/cl_ara_diag_DiagnosticServiceDynamicAccessList_b44b40.html,diagrams/classes/cl_ara_diag_DiagnosticServiceDynamicAccessList_b44b40/svg_01.svg,umlwrap
classes/cl_ara_diag_DiagnosticSovdArrayContentElementDataConstIterator_15298c.html,diagrams/classes/cl_ara_diag_DiagnosticSovdArrayContentElementDataConstIterator_15298c/svg_01.svg,umlwrap
classes/cl_ara_diag_DiagnosticSovdArrayContentElementDataConstView_097558.html,diagrams/classes/cl_ara_diag_DiagnosticSovdArrayContentElementDataConstView_097558/svg_01.svg,umlwrap
classes/cl_ara_diag_DiagnosticSovdArrayContentElementDataIterator_40f049.html,diagrams/classes/cl_ara_diag_DiagnosticSovdArrayContentElementDataIterator_40f049/svg_01.svg,umlwrap
classes/cl_ara_diag_DiagnosticSovdArrayContentElementDataView_d613fc.html,diagrams/classes/cl_ara_diag_DiagnosticSovdArrayContentElementDataView_d613fc/svg_01.svg,umlwrap
classes/cl_ara_diag_DiagnosticSovdContentData_ec5b7b.html,diagrams/classes/cl_ara_diag_DiagnosticSovdContentData_ec5b7b/svg_01.svg,umlwrap
classes/cl_ara_diag_DiagnosticSovdContentElementDataWithKey_b3e134.html,diagrams/classes/cl_ara_diag_DiagnosticSovdContentElementDataWithKey_b3e134/svg_01.svg,umlwrap
classes/cl_ara_diag_DiagnosticSovdContentElementData_b748af.html,diagrams/classes/cl_ara_diag_DiagnosticSovdContentElementData_b748af/svg_01.svg,umlwrap
classes/cl_ara_diag_DiagnosticSovdRecordContentElementDataConstIterator_b2d505.html,diagrams/classes/cl_ara_diag_DiagnosticSovdRecordContentElementDataConstIterator_b2d505/svg_01.svg,umlwrap
classes/cl_ara_diag_DiagnosticSovdRecordContentElementDataConstView_652920.html,diagrams/classes/cl_ara_diag_DiagnosticSovdRecordContentElementDataConstView_652920/svg_01.svg,umlwrap
classes/cl_ara_diag_DiagnosticSovdRecordContentElementDataIterator_481174.html,diagrams/classes/cl_ara_diag_DiagnosticSovdRecordContentElementDataIterator_481174/svg_01.svg,umlwrap
classes/cl_ara_diag_DiagnosticSovdRecordContentElementDataView_3f3fe0.html,diagrams/classes/cl_ara_diag_DiagnosticSovdRecordContentElementDataView_3f3fe0/svg_01.svg,umlwrap
classes/cl_ara_diag_DoIPActivationLine_87e614.html,diagrams/classes/cl_ara_diag_DoIPActivationLine_87e614/svg_01.svg,umlwrap
classes/cl_ara_diag_DoIPEntityIdentification_EntityId_8623a6.html,diagrams/classes/cl_ara_diag_DoIPEntityIdentification_EntityId_8623a6/svg_01.svg,umlwrap
classes/cl_ara_diag_DoIPEntityIdentification_efc6f4.html,diagrams/classes/cl_ara_diag_DoIPEntityIdentification_efc6f4/svg_01.svg,umlwrap
classes/cl_ara_diag_DoIPGroupIdentification_391a89.html,diagrams/classes/cl_ara_diag_DoIPGroupIdentification_391a89/svg_01.svg,umlwrap
classes/cl_ara_diag_DoIPPowerMode_4c3e48.html,diagrams/classes/cl_ara_diag_DoIPPowerMode_4c3e48/svg_01.svg,umlwrap
classes/cl_ara_diag_DoIPTriggerVehicleAnnouncement_b8bf76.html,diagrams/classes/cl_ara_diag_DoIPTriggerVehicleAnnouncement_b8bf76/svg_01.svg,umlwrap
classes/cl_ara_diag_DownloadService_2354f5.html,diagrams/classes/cl_ara_diag_DownloadService_2354f5/svg_01.svg,umlwrap
classes/cl_ara_diag_DownloadService_OperationOutput_4c32b4.html,diagrams/classes/cl_ara_diag_DownloadService_OperationOutput_4c32b4/svg_01.svg,umlwrap
classes/cl_ara_diag_DynamicAccessListDiagServiceBuilder_46ec37.html,diagrams/classes/cl_ara_diag_DynamicAccessListDiagServiceBuilder_46ec37/svg_01.svg,umlwrap
classes/cl_ara_diag_DynamicAccessListDiagServiceBuilder_ByteRange_d92940.html,diagrams/classes/cl_ara_diag_DynamicAccessListDiagServiceBuilder_ByteRange_d92940/svg_01.svg,umlwrap
classes/cl_ara_diag_EcuResetRequest_bc3e1f.html,diagrams/classes/cl_ara_diag_EcuResetRequest_bc3e1f/svg_01.svg,umlwrap
classes/cl_ara_diag_EventStatusByte_7b6229.html,diagrams/classes/cl_ara_diag_EventStatusByte_7b6229/svg_01.svg,umlwrap
classes/cl_ara_diag_Event_d44616.html,diagrams/classes/cl_ara_diag_Event_d44616/svg_01.svg,umlwrap
classes/cl_ara_diag_ExternalAuthentication_19de3d.html,diagrams/classes/cl_ara_diag_ExternalAuthentication_19de3d/svg_01.svg,umlwrap
classes/cl_ara_diag_FileTransferService_FileSizes_fe19c0.html,diagrams/classes/cl_ara_diag_FileTransferService_FileSizes_fe19c0/svg_01.svg,umlwrap
classes/cl_ara_diag_FileTransferService_eb6d13.html,diagrams/classes/cl_ara_diag_FileTransferService_eb6d13/svg_01.svg,umlwrap
classes/cl_ara_diag_GenericDataIdentifier_01c949.html,diagrams/classes/cl_ara_diag_GenericDataIdentifier_01c949/svg_01.svg,umlwrap
classes/cl_ara_diag_GenericDataIdentifier_OperationOutput_6768cf.html,diagrams/classes/cl_ara_diag_GenericDataIdentifier_OperationOutput_6768cf/svg_01.svg,umlwrap
classes/cl_ara_diag_GenericDiagnosticSovdContent_76e658.html,diagrams/classes/cl_ara_diag_GenericDiagnosticSovdContent_76e658/svg_01.svg,umlwrap
classes/cl_ara_diag_GenericDiagnosticSovdOperation_fbec16.html,diagrams/classes/cl_ara_diag_GenericDiagnosticSovdOperation_fbec16/svg_01.svg,umlwrap
classes/cl_ara_diag_GenericRoutine_28dece.html,diagrams/classes/cl_ara_diag_GenericRoutine_28dece/svg_01.svg,umlwrap
classes/cl_ara_diag_GenericRoutine_OperationOutput_7bce1c.html,diagrams/classes/cl_ara_diag_GenericRoutine_OperationOutput_7bce1c/svg_01.svg,umlwrap
classes/cl_ara_diag_GenericUDSService_733cac.html,diagrams/classes/cl_ara_diag_GenericUDSService_733cac/svg_01.svg,umlwrap
classes/cl_ara_diag_GenericUDSService_OperationOutput_651430.html,diagrams/classes/cl_ara_diag_GenericUDSService_OperationOutput_651430/svg_01.svg,umlwrap
classes/cl_ara_diag_HttpRedirect_2b9775.html,diagrams/classes/cl_ara_diag_HttpRedirect_2b9775/svg_01.svg,umlwrap
classes/cl_ara_diag_Indicator_893c08.html,diagrams/classes/cl_ara_diag_Indicator_893c08/svg_01.svg,umlwrap
classes/cl_ara_diag_MetaInfo_818707.html,diagrams/classes/cl_ara_diag_MetaInfo_818707/svg_01.svg,umlwrap
classes/cl_ara_diag_Monitor_5df579.html,diagrams/classes/cl_ara_diag_Monitor_5df579/svg_01.svg,umlwrap
classes/cl_ara_diag_MultipleCondition_2b127b.html,diagrams/classes/cl_ara_diag_MultipleCondition_2b127b/svg_01.svg,umlwrap
classes/cl_ara_diag_MultipleEvent_ebadb2.html,diagrams/classes/cl_ara_diag_MultipleEvent_ebadb2/svg_01.svg,umlwrap
classes/cl_ara_diag_MultipleMonitor_197a12.html,diagrams/classes/cl_ara_diag_MultipleMonitor_197a12/svg_01.svg,umlwrap
classes/cl_ara_diag_OperationCycle_67d05f.html,diagrams/classes/cl_ara_diag_OperationCycle_67d05f/svg_01.svg,umlwrap
classes/cl_ara_diag_ReleaseHandler_e572cb.html,diagrams/classes/cl_ara_diag_ReleaseHandler_e572cb/svg_01.svg,umlwrap
classes/cl_ara_diag_SecurityAccess_b489ef.html,diagrams/classes/cl_ara_diag_SecurityAccess_b489ef/svg_01.svg,umlwrap
classes/cl_ara_diag_ServiceValidation_4c2c90.html,diagrams/classes/cl_ara_diag_ServiceValidation_4c2c90/svg_01.svg,umlwrap
classes/cl_ara_diag_SovdAuthorization_ValidateAuthorizationOutput_178096.html,diagrams/classes/cl_ara_diag_SovdAuthorization_ValidateAuthorizationOutput_178096/svg_01.svg,umlwrap
classes/cl_ara_diag_SovdAuthorization_cc5546.html,diagrams/classes/cl_ara_diag_SovdAuthorization_cc5546/svg_01.svg,umlwrap
classes/cl_ara_diag_SovdBulkData_BulkDataMetaDataDescriptor_d2855b.html,diagrams/classes/cl_ara_diag_SovdBulkData_BulkDataMetaDataDescriptor_d2855b/svg_01.svg,umlwrap
classes/cl_ara_diag_SovdBulkData_DeleteByCategoryResult_e91b05.html,diagrams/classes/cl_ara_diag_SovdBulkData_DeleteByCategoryResult_e91b05/svg_01.svg,umlwrap
classes/cl_ara_diag_SovdBulkData_DeletionError_0b1f2d.html,diagrams/classes/cl_ara_diag_SovdBulkData_DeletionError_0b1f2d/svg_01.svg,umlwrap
classes/cl_ara_diag_SovdBulkData_bcbd0c.html,diagrams/classes/cl_ara_diag_SovdBulkData_bcbd0c/svg_01.svg,umlwrap
classes/cl_ara_diag_SovdConfiguration_694f8c.html,diagrams/classes/cl_ara_diag_SovdConfiguration_694f8c/svg_01.svg,umlwrap
classes/cl_ara_diag_SovdConfiguration_SovdConfigurationMetaInfo_4ce292.html,diagrams/classes/cl_ara_diag_SovdConfiguration_SovdConfigurationMetaInfo_4ce292/svg_01.svg,umlwrap
classes/cl_ara_diag_SovdContentConcurrencyType_2fcb32.html,diagrams/classes/cl_ara_diag_SovdContentConcurrencyType_2fcb32/svg_01.svg,umlwrap
classes/cl_ara_diag_SovdOperationExecution_beb569.html,diagrams/classes/cl_ara_diag_SovdOperationExecution_beb569/svg_01.svg,umlwrap
classes/cl_ara_diag_SovdProximityChallengeType_23fb4f.html,diagrams/classes/cl_ara_diag_SovdProximityChallengeType_23fb4f/svg_01.svg,umlwrap
classes/cl_ara_diag_SovdProximityChallenge_2669f4.html,diagrams/classes/cl_ara_diag_SovdProximityChallenge_2669f4/svg_01.svg,umlwrap
classes/cl_ara_diag_SovdServiceValidation_586797.html,diagrams/classes/cl_ara_diag_SovdServiceValidation_586797/svg_01.svg,umlwrap
classes/cl_ara_diag_SovdSwUpdate_18fa91.html,diagrams/classes/cl_ara_diag_SovdSwUpdate_18fa91/svg_01.svg,umlwrap
classes/cl_ara_diag_SovdSwUpdate_SubProgress_20a026.html,diagrams/classes/cl_ara_diag_SovdSwUpdate_SubProgress_20a026/svg_01.svg,umlwrap
classes/cl_ara_diag_SovdSwUpdate_UpdatePackageDetails_c26367.html,diagrams/classes/cl_ara_diag_SovdSwUpdate_UpdatePackageDetails_c26367/svg_01.svg,umlwrap
classes/cl_ara_diag_SovdSwUpdate_UpdatePackageStatus_aa6ef0.html,diagrams/classes/cl_ara_diag_SovdSwUpdate_UpdatePackageStatus_aa6ef0/svg_01.svg,umlwrap
classes/cl_ara_diag_TimeBased_573f80.html,diagrams/classes/cl_ara_diag_TimeBased_573f80/svg_01.svg,umlwrap
classes/cl_ara_diag_TransmitCertificate_236254.html,diagrams/classes/cl_ara_diag_TransmitCertificate_236254/svg_01.svg,umlwrap
classes/cl_ara_diag_UploadService_OperationOutput_e2247e.html,diagrams/classes/cl_ara_diag_UploadService_OperationOutput_e2247e/svg_01.svg,umlwrap
classes/cl_ara_diag_UploadService_d0eb0f.html,diagrams/classes/cl_ara_diag_UploadService_d0eb0f/svg_01.svg,umlwrap
classes/cl_ara_exec_ExecErrorDomain_39a295.html,diagrams/classes/cl_ara_exec_ExecErrorDomain_39a295/svg_01.svg,umlwrap
classes/cl_ara_exec_ExecException_d50859.html,diagrams/classes/cl_ara_exec_ExecException_d50859/svg_01.svg,umlwrap
classes/cl_ara_exec_ExecutionClient_e0f3df.html,diagrams/classes/cl_ara_exec_ExecutionClient_e0f3df/svg_01.svg,umlwrap
classes/cl_ara_exec_ExecutionErrorEvent_7aa757.html,diagrams/classes/cl_ara_exec_ExecutionErrorEvent_7aa757/svg_01.svg,umlwrap
classes/cl_ara_exec_FunctionGroupState_651be1.html,diagrams/classes/cl_ara_exec_FunctionGroupState_651be1/svg_01.svg,umlwrap
classes/cl_ara_exec_FunctionGroup_eb52bf.html,diagrams/classes/cl_ara_exec_FunctionGroup_eb52bf/svg_01.svg,umlwrap
classes/cl_ara_exec_StateClient_276b21.html,diagrams/classes/cl_ara_exec_StateClient_276b21/svg_01.svg,umlwrap
classes/cl_ara_idsm_EventReporter_a34c7d.html,diagrams/classes/cl_ara_idsm_EventReporter_a34c7d/svg_01.svg,diagram
classes/cl_ara_log_Format_2a1754.html,diagrams/classes/cl_ara_log_Format_2a1754/svg_01.svg,umlwrap
classes/cl_ara_log_LogStream_2f1f1b.html,diagrams/classes/cl_ara_log_LogStream_2f1f1b/svg_01.svg,umlwrap
classes/cl_ara_log_Logger_48f21d.html,diagrams/classes/cl_ara_log_Logger_48f21d/svg_01.svg,umlwrap
classes/cl_ara_per_FileAccessor_efe7d0.html,diagrams/classes/cl_ara_per_FileAccessor_efe7d0/svg_01.svg,umlwrap
classes/cl_ara_per_FileInfo_15b6f6.html,diagrams/classes/cl_ara_per_FileInfo_15b6f6/svg_01.svg,umlwrap
classes/cl_ara_per_FileStorage_29266b.html,diagrams/classes/cl_ara_per_FileStorage_29266b/svg_01.svg,umlwrap
classes/cl_ara_per_KeyValueStorage_e55123.html,diagrams/classes/cl_ara_per_KeyValueStorage_e55123/svg_01.svg,umlwrap
classes/cl_ara_per_PerErrorDomain_5cc5d1.html,diagrams/classes/cl_ara_per_PerErrorDomain_5cc5d1/svg_01.svg,umlwrap
classes/cl_ara_per_PerException_03e937.html,diagrams/classes/cl_ara_per_PerException_03e937/svg_01.svg,umlwrap
classes/cl_ara_per_ReadAccessor_4ffb0b.html,diagrams/classes/cl_ara_per_ReadAccessor_4ffb0b/svg_01.svg,umlwrap
classes/cl_ara_per_ReadWriteAccessor_30aeb5.html,diagrams/classes/cl_ara_per_ReadWriteAccessor_30aeb5/svg_01.svg,umlwrap
classes/cl_ara_per_SharedHandle_a773d0.html,diagrams/classes/cl_ara_per_SharedHandle_a773d0/svg_01.svg,umlwrap
classes/cl_ara_per_UniqueHandle_94e9f0.html,diagrams/classes/cl_ara_per_UniqueHandle_94e9f0/svg_01.svg,umlwrap
classes/cl_ara_per_WriteAccessor_a926f9.html,diagrams/classes/cl_ara_per_WriteAccessor_a926f9/svg_01.svg,umlwrap
classes/cl_ara_phm_PhmErrorDomain_9aaace.html,diagrams/classes/cl_ara_phm_PhmErrorDomain_9aaace/svg_01.svg,umlwrap
classes/cl_ara_phm_PhmException_0e0576.html,diagrams/classes/cl_ara_phm_PhmException_0e0576/svg_01.svg,umlwrap
classes/cl_ara_phm_RecoveryAction_8b27fd.html,diagrams/classes/cl_ara_phm_RecoveryAction_8b27fd/svg_01.svg,umlwrap
classes/cl_ara_phm_SupervisedEntity_c46882.html,diagrams/classes/cl_ara_phm_SupervisedEntity_c46882/svg_01.svg,umlwrap
classes/cl_ara_shwa_Buffer_63e774.html,diagrams/classes/cl_ara_shwa_Buffer_63e774/svg_01.svg,diagram
classes/cl_ara_shwa_Queue_49e139.html,diagrams/classes/cl_ara_shwa_Queue_49e139/svg_01.svg,diagram
classes/cl_ara_sm_SmErrorDomain_2fd907.html,diagrams/classes/cl_ara_sm_SmErrorDomain_2fd907/svg_01.svg,umlwrap
classes/cl_ara_sm_SmException_0484af.html,diagrams/classes/cl_ara_sm_SmException_0484af/svg_01.svg,umlwrap
classes/cl_ara_sm_s2r_S2RHub_824327.html,diagrams/classes/cl_ara_sm_s2r_S2RHub_824327/svg_01.svg,umlwrap
classes/cl_ara_sm_s2r_S2RSatellite_fbf4f1.html,diagrams/classes/cl_ara_sm_s2r_S2RSatellite_fbf4f1/svg_01.svg,umlwrap
classes/cl_ara_tsync_ConsumerTimeBaseValidationNotification_6ab1f0.html,diagrams/classes/cl_ara_tsync_ConsumerTimeBaseValidationNotification_6ab1f0/svg_01.svg,umlwrap
classes/cl_ara_tsync_PdelayInitiatorMeasurementType_0a8c2b.html,diagrams/classes/cl_ara_tsync_PdelayInitiatorMeasurementType_0a8c2b/svg_01.svg,umlwrap
classes/cl_ara_tsync_PdelayResponderMeasurementType_7b9b39.html,diagrams/classes/cl_ara_tsync_PdelayResponderMeasurementType_7b9b39/svg_01.svg,umlwrap
classes/cl_ara_tsync_ProviderTimeBaseValidationNotification_d158e8.html,diagrams/classes/cl_ara_tsync_ProviderTimeBaseValidationNotification_d158e8/svg_01.svg,umlwrap
classes/cl_ara_tsync_SynchronizedTimeBaseConsumer_83c413.html,diagrams/classes/cl_ara_tsync_SynchronizedTimeBaseConsumer_83c413/svg_01.svg,umlwrap
classes/cl_ara_tsync_SynchronizedTimeBaseProvider_07e996.html,diagrams/classes/cl_ara_tsync_SynchronizedTimeBaseProvider_07e996/svg_01.svg,umlwrap
classes/cl_ara_tsync_SynchronizedTimeBaseStatus_510bde.html,diagrams/classes/cl_ara_tsync_SynchronizedTimeBaseStatus_510bde/svg_01.svg,umlwrap
classes/cl_ara_tsync_TimeBase_accd82.html,diagrams/classes/cl_ara_tsync_TimeBase_accd82/svg_01.svg,umlwrap
classes/cl_ara_tsync_TimeMasterMeasurementType_a65f68.html,diagrams/classes/cl_ara_tsync_TimeMasterMeasurementType_a65f68/svg_01.svg,umlwrap
classes/cl_ara_tsync_TimePrecisionMeasurement_74521c.html,diagrams/classes/cl_ara_tsync_TimePrecisionMeasurement_74521c/svg_01.svg,umlwrap
classes/cl_ara_tsync_TimeSlaveMeasurementType_50a9a5.html,diagrams/classes/cl_ara_tsync_TimeSlaveMeasurementType_50a9a5/svg_01.svg,umlwrap
classes/cl_ara_tsync_TsyncErrorDomain_8fb61e.html,diagrams/classes/cl_ara_tsync_TsyncErrorDomain_8fb61e/svg_01.svg,umlwrap
classes/cl_ara_tsync_TsyncException_752179.html,diagrams/classes/cl_ara_tsync_TsyncException_752179/svg_01.svg,umlwrap
classes/cl_ara_tsync_UserData_a97d99.html,diagrams/classes/cl_ara_tsync_UserData_a97d99/svg_01.svg,umlwrap
classes/cl_hierarchical_namespace_list_lower_skeleton_skeleton_service_a0d0ef.html,diagrams/classes/cl_hierarchical_namespace_list_lower_skeleton_skeleton_service_a0d0ef/svg_01.svg,umlwrap
classes/cl_std_hash_ara_core_Monostate_a73c80.html,diagrams/classes/cl_std_hash_ara_core_Monostate_a73c80/svg_01.svg,umlwrap
classes/cl_std_hash_ara_core_Optional_T_992b73.html,diagrams/classes/cl_std_hash_ara_core_Optional_T_992b73/svg_01.svg,umlwrap
classes/cl_std_hash_ara_core_Optional_T_cadf0d.html,diagrams/classes/cl_std_hash_ara_core_Optional_T_cadf0d/svg_01.svg,umlwrap
classes/cl_std_hash_ara_core_StringView_129f65.html,diagrams/classes/cl_std_hash_ara_core_StringView_129f65/svg_01.svg,umlwrap
classes/cl_std_hash_ara_core_String_71fe0f.html,diagrams/classes/cl_std_hash_ara_core_String_71fe0f/svg_01.svg,umlwrap
classes/cl_std_hash_ara_core_Variant_22cf88.html,diagrams/classes/cl_std_hash_ara_core_Variant_22cf88/svg_01.svg,umlwrap
classes/cl_std_hash_ara_core_Variant_Types..._1dc839.html,diagrams/classes/cl_std_hash_ara_core_Variant_Types..._1dc839/svg_01.svg,umlwrap
classes/cl_std_hash_ara_core_Vector_T_Allocator_c98564.html,diagrams/classes/cl_std_hash_ara_core_Vector_T_Allocator_c98564/svg_01.svg,umlwrap
classes/cl_std_tuple_element_I_ara_core_Array_T_N_e90135.html,diagrams/classes/cl_std_tuple_element_I_ara_core_Array_T_N_e90135/svg_01.svg,umlwrap
classes/cl_std_tuple_size_ara_core_Array_T_c75763.html,diagrams/classes/cl_std_tuple_size_ara_core_Array_T_c75763/svg_01.svg,umlwrap
modules/com.html,diagrams/modules/com/svg_01.svg,umlwrap wide
modules/core.html,diagrams/modules/core/svg_01.svg,umlwrap wide
modules/crypto.html,diagrams/modules/crypto/svg_01.svg,umlwrap wide
modules/diag.html,diagrams/modules/diag/svg_01.svg,umlwrap wide
modules/exec.html,diagrams/modules/exec/svg_01.svg,umlwrap wide
modules/idsm.html,diagrams/modules/idsm/svg_01.svg,diagram
modules/log.html,diagrams/modules/log/svg_01.svg,umlwrap wide
modules/nm.html,diagrams/modules/nm/svg_01.svg,diagram
modules/per.html,diagrams/modules/per/svg_01.svg,umlwrap wide
modules/phm.html,diagrams/modules/phm/svg_01.svg,umlwrap wide
modules/shwa.html,diagrams/modules/shwa/svg_01.svg,diagram
modules/sm.html,diagrams/modules/sm/svg_01.svg,umlwrap wide
modules/tsync.html,diagrams/modules/tsync/svg_01.svg,umlwrap wide
namespaces/ns_com__SI_Namespace_proxy_250bf1.html,diagrams/namespaces/ns_com__SI_Namespace_proxy_250bf1/svg_01.svg,umlwrap wide
namespaces/ns_com__SI_Namespace_proxy_fields_7fa3bd.html,diagrams/namespaces/ns_com__SI_Namespace_proxy_fields_7fa3bd/svg_01.svg,umlwrap wide
namespaces/ns_com__SI_Namespace_proxy_methods_abbc87.html,diagrams/namespaces/ns_com__SI_Namespace_proxy_methods_abbc87/svg_01.svg,umlwrap wide
namespaces/ns_com__SI_Namespace_proxy_triggers_58ebca.html,diagrams/namespaces/ns_com__SI_Namespace_proxy_triggers_58ebca/svg_01.svg,umlwrap wide
namespaces/ns_com__SI_Namespace_skeleton_3e0cf2.html,diagrams/namespaces/ns_com__SI_Namespace_skeleton_3e0cf2/svg_01.svg,umlwrap wide
namespaces/ns_com__SI_Namespace_skeleton_fields_6fe063.html,diagrams/namespaces/ns_com__SI_Namespace_skeleton_fields_6fe063/svg_01.svg,umlwrap wide
namespaces/ns_com__SI_Namespace_skeleton_triggers_9545e4.html,diagrams/namespaces/ns_com__SI_Namespace_skeleton_triggers_9545e4/svg_01.svg,umlwrap wide
namespaces/ns_com_apext_com_secoc_eb0f3c.html,diagrams/namespaces/ns_com_apext_com_secoc_eb0f3c/svg_01.svg,umlwrap wide
namespaces/ns_com_ara_com_4a3210.html,diagrams/namespaces/ns_com_ara_com_4a3210/svg_01.svg,umlwrap wide
namespaces/ns_com_ara_com_e2e_f19464.html,diagrams/namespaces/ns_com_ara_com_e2e_f19464/svg_01.svg,umlwrap wide
namespaces/ns_core_ara_core_e30e31.html,diagrams/namespaces/ns_core_ara_core_e30e31/svg_01.svg,umlwrap wide
namespaces/ns_core_std_193df4.html,diagrams/namespaces/ns_core_std_193df4/svg_01.svg,umlwrap wide
namespaces/ns_crypto_ara_crypto_aacf86.html,diagrams/namespaces/ns_crypto_ara_crypto_aacf86/svg_01.svg,umlwrap wide
namespaces/ns_crypto_ara_crypto_cryp_39bdc3.html,diagrams/namespaces/ns_crypto_ara_crypto_cryp_39bdc3/svg_01.svg,umlwrap wide
namespaces/ns_crypto_ara_crypto_x509_6a3cad.html,diagrams/namespaces/ns_crypto_ara_crypto_x509_6a3cad/svg_01.svg,umlwrap wide
namespaces/ns_diag__DataElement_Namespace_ec8528.html,diagrams/namespaces/ns_diag__DataElement_Namespace_ec8528/svg_01.svg,umlwrap wide
namespaces/ns_diag__DataIdentifier_Namespace_c93913.html,diagrams/namespaces/ns_diag__DataIdentifier_Namespace_c93913/svg_01.svg,umlwrap wide
namespaces/ns_diag__ExtendedDataRecord_Namespace_3a4b0c.html,diagrams/namespaces/ns_diag__ExtendedDataRecord_Namespace_3a4b0c/svg_01.svg,umlwrap wide
namespaces/ns_diag__RoutineInterface_Namespace_6c463b.html,diagrams/namespaces/ns_diag__RoutineInterface_Namespace_6c463b/svg_01.svg,umlwrap wide
namespaces/ns_diag_apext_diag_uds_transport_215b94.html,diagrams/namespaces/ns_diag_apext_diag_uds_transport_215b94/svg_01.svg,umlwrap wide
namespaces/ns_diag_ara_diag_fbd60d.html,diagrams/namespaces/ns_diag_ara_diag_fbd60d/svg_01.svg,umlwrap wide
namespaces/ns_exec_ara_exec_a73810.html,diagrams/namespaces/ns_exec_ara_exec_a73810/svg_01.svg,umlwrap wide
namespaces/ns_log_ara_log_10815c.html,diagrams/namespaces/ns_log_ara_log_10815c/svg_01.svg,umlwrap wide
namespaces/ns_per_ara_per_d9a3e9.html,diagrams/namespaces/ns_per_ara_per_d9a3e9/svg_01.svg,umlwrap wide
namespaces/ns_phm_apext_phm_c44d23.html,diagrams/namespaces/ns_phm_apext_phm_c44d23/svg_01.svg,umlwrap wide
namespaces/ns_phm_ara_phm_9fbd40.html,diagrams/namespaces/ns_phm_ara_phm_9fbd40/svg_01.svg,umlwrap wide
namespaces/ns_sm_apext_sm_a5dc2b.html,diagrams/namespaces/ns_sm_apext_sm_a5dc2b/svg_01.svg,umlwrap wide
namespaces/ns_sm_ara_sm_0efb8d.html,diagrams/namespaces/ns_sm_ara_sm_0efb8d/svg_01.svg,umlwrap wide
namespaces/ns_sm_ara_sm_s2r_b2e85c.html,diagrams/namespaces/ns_sm_ara_sm_s2r_b2e85c/svg_01.svg,umlwrap wide
namespaces/ns_tsync_apext_tsync_4a60ba.html,diagrams/namespaces/ns_tsync_apext_tsync_4a60ba/svg_01.svg,umlwrap wide
namespaces/ns_tsync_ara_tsync_6055e5.html,diagrams/namespaces/ns_tsync_ara_tsync_6055e5/svg_01.svg,umlwrap wide
