datei,typ,titel,interface_typ,nav_badge,modul,footer,n_records,n_ki_bloecke,n_diagramme
classes/cl_DataElement_Namespace_DataElementInterface_20492b.html,class,<DataElement-Namespace>::<DataElementInterface> — ara::* API,vis-app,APPLICATION INTERFACE,diag,extracted,10,6,1
classes/cl_DataElement_Namespace_DataElementInterface_DataElement_Read_b50794.html,class,<DataElement-Namespace>::<DataElementInterface>::<DataElement>ReadOutput — ara::* API,vis-app,APPLICATION INTERFACE,diag,extracted,0,1,0
classes/cl_DataIdentifier_Namespace_DataIdentifierInterface_074d99.html,class,<DataIdentifier-Namespace>::<DataIdentifierInterface> — ara::* API,vis-app,APPLICATION INTERFACE,diag,extracted,11,7,1
classes/cl_DataIdentifier_Namespace_DataIdentifierInterface_DataIdenti_6dbbd6.html,class,<DataIdentifier-Namespace>::<DataIdentifierInterface>::<DataIdentifier>ReadOutput — ara::* API,vis-app,APPLICATION INTERFACE,diag,extracted,0,1,0
classes/cl_ExtendedDataRecord_Namespace_ExtendedDataRecordElementInter_389847.html,class,<ExtendedDataRecord-Namespace>::<ExtendedDataRecordElementInterface> — ara::* API,vis-app,APPLICATION INTERFACE,diag,extracted,10,6,1
classes/cl_ExtendedDataRecord_Namespace_ExtendedDataRecordElementInter_df5dc8.html,class,<ExtendedDataRecord-Namespace>::<ExtendedDataRecordElementInterface>::<ExtendedDataRecordElement>ReadOutput — ara::* API,vis-app,APPLICATION INTERFACE,diag,extracted,0,1,0
classes/cl_RoutineInterface_Namespace_RoutineInterface_RoutineInterfac_4c5e38.html,class,<RoutineInterface-Namespace>::<RoutineInterface>::<RoutineInterface6>StartOutput — ara::* API,vis-app,APPLICATION INTERFACE,diag,extracted,0,1,0
classes/cl_RoutineInterface_Namespace_RoutineInterface_RoutineInterfac_96cc73.html,class,<RoutineInterface-Namespace>::<RoutineInterface>::<RoutineInterface9>StopOutput — ara::* API,vis-app,APPLICATION INTERFACE,diag,extracted,0,1,0
classes/cl_RoutineInterface_Namespace_RoutineInterface_RoutineInterfac_bf8729.html,class,<RoutineInterface-Namespace>::<RoutineInterface>::<RoutineInterface>RequestResultOutput — ara::* API,vis-app,APPLICATION INTERFACE,diag,extracted,0,1,0
classes/cl_RoutineInterface_Namespace_RoutineInterface_e99be1.html,class,<RoutineInterface-Namespace>::<RoutineInterface> — ara::* API,vis-app,APPLICATION INTERFACE,diag,extracted,14,8,1
classes/cl_SI_Namespace_common_SI_4f24cf.html,class,<SI-Namespace>::common::<SI> — ara::* API,vis-app,APPLICATION INTERFACE,com,extracted,4,0,1
classes/cl_SI_Namespace_proxy_SI_Proxy_059f5c.html,class,<SI-Namespace>::proxy::<SI>Proxy — ara::* API,vis-app,APPLICATION INTERFACE,com,extracted,22,16,1
classes/cl_SI_Namespace_proxy_SI_Proxy_HandleType_73854b.html,class,<SI-Namespace>::proxy::<SI>Proxy::HandleType — ara::* API,vis-app,APPLICATION INTERFACE,com,extracted,9,2,1
classes/cl_SI_Namespace_proxy_events_Event_ed6992.html,class,<SI-Namespace>::proxy::events::<Event> — ara::* API,vis-app,APPLICATION INTERFACE,com,extracted,16,16,1
classes/cl_SI_Namespace_proxy_fields_Field_768e1a.html,class,<SI-Namespace>::proxy::fields::<Field> — ara::* API,vis-app,APPLICATION INTERFACE,com,extracted,20,15,1
classes/cl_SI_Namespace_proxy_methods_FnFMethod_74874c.html,class,<SI-Namespace>::proxy::methods::<FnFMethod> — ara::* API,vis-app,APPLICATION INTERFACE,com,extracted,2,2,1
classes/cl_SI_Namespace_proxy_methods_Method_Output_56338f.html,class,<SI-Namespace>::proxy::methods::<Method>::Output — ara::* API,vis-app,APPLICATION INTERFACE,com,extracted,0,1,0
classes/cl_SI_Namespace_proxy_methods_Method_e89335.html,class,<SI-Namespace>::proxy::methods::<Method> — ara::* API,vis-app,APPLICATION INTERFACE,com,extracted,2,2,1
classes/cl_SI_Namespace_proxy_triggers_Trigger_d98590.html,class,<SI-Namespace>::proxy::triggers::<Trigger> — ara::* API,vis-app,APPLICATION INTERFACE,com,extracted,13,11,1
classes/cl_SI_Namespace_skeleton_SI_Skeleton_317026.html,class,<SI-Namespace>::skeleton::<SI>Skeleton — ara::* API,vis-app,APPLICATION INTERFACE,com,extracted,19,10,1
classes/cl_SI_Namespace_skeleton_SI_Skeleton_Method_Output_ac8615.html,class,<SI-Namespace>::skeleton::<SI>Skeleton::<Method>Output — ara::* API,vis-app,APPLICATION INTERFACE,com,extracted,0,1,0
classes/cl_SI_Namespace_skeleton_events_Event_99cf79.html,class,<SI-Namespace>::skeleton:: events::<Event> — ara::* API,vis-app,APPLICATION INTERFACE,com,extracted,8,6,1
classes/cl_SI_Namespace_skeleton_fields_Field_f27d36.html,class,<SI-Namespace>::skeleton::fields::<Field> — ara::* API,vis-app,APPLICATION INTERFACE,com,extracted,9,9,1
classes/cl_SI_Namespace_skeleton_triggers_Trigger_7c7d63.html,class,<SI-Namespace>::skeleton::triggers::<Trigger> — ara::* API,vis-app,APPLICATION INTERFACE,com,extracted,5,5,1
classes/cl_apext_com_secoc_ComSecOcFvmErrorDomain_3955cb.html,class,apext::com::secoc::ComSecOcFvmErrorDomain — ara::* API,vis-internal,INTERNAL INTERFACE (Users: Plattform-Integration: SecOC Freshness Value Manager),com,extracted,6,3,1
classes/cl_apext_com_secoc_ComSecOcFvmException_4a3922.html,class,apext::com::secoc::ComSecOcFvmException — ara::* API,vis-internal,INTERNAL INTERFACE (Users: Plattform-Integration: SecOC Freshness Value Manager),com,extracted,1,1,1
classes/cl_apext_com_secoc_FVContainer_6daeaa.html,class,apext::com::secoc::FVContainer — ara::* API,vis-internal,INTERNAL INTERFACE (Users: Plattform-Integration: SecOC Freshness Value Manager),com,extracted,2,1,1
classes/cl_apext_com_secoc_FVM_8d368e.html,class,apext::com::secoc::FVM — ara::* API,vis-internal,INTERNAL INTERFACE (Users: Plattform-Integration: SecOC Freshness Value Manager),com,extracted,5,5,1
classes/cl_apext_diag_uds_transport_UdsMessage_a98d15.html,class,apext::diag::uds_transport::UdsMessage — ara::* API,vis-internal,INTERNAL INTERFACE (Users: Plattform-Integration: UDS-Transport),diag,extracted,11,8,1
classes/cl_apext_diag_uds_transport_UdsTransportProtocolHandler_0a82b6.html,class,apext::diag::uds_transport::UdsTransportProtocolHandler — ara::* API,vis-internal,INTERNAL INTERFACE (Users: Plattform-Integration: UDS-Transport),diag,extracted,11,9,1
classes/cl_apext_diag_uds_transport_UdsTransportProtocolMgr_83bb5e.html,class,apext::diag::uds_transport::UdsTransportProtocolMgr — ara::* API,vis-internal,INTERNAL INTERFACE (Users: Plattform-Integration: UDS-Transport),diag,extracted,11,8,1
classes/cl_apext_diag_uds_transport_UdsTransportProtocolPeriodicHandler_cfe581.html,class,apext::diag::uds_transport::UdsTransportProtocolPeriodicHandler — ara::* API,vis-internal,INTERNAL INTERFACE (Users: Plattform-Integration: UDS-Transport),diag,extracted,4,5,1
classes/cl_apext_phm_WatchdogInterface_961d01.html,class,apext::phm::WatchdogInterface — ara::* API,vis-internal,INTERNAL INTERFACE (Users: Plattform-Integration: Watchdog),phm,extracted,2,3,1
classes/cl_apext_sm_PowerStateInterface_0ecf4e.html,class,apext::sm::PowerStateInterface — ara::* API,vis-internal,INTERNAL INTERFACE (Users: Plattform-Integration: Power/Suspend-to-RAM),sm,extracted,3,4,1
classes/cl_apext_tsync_FVContainer_9ac97b.html,class,apext::tsync::FVContainer — ara::* API,vis-internal,INTERNAL INTERFACE (Users: Plattform-Integration: Zeitsynchronisations-FVM),tsync,extracted,2,1,1
classes/cl_apext_tsync_FVM_0c1a89.html,class,apext::tsync::FVM — ara::* API,vis-internal,INTERNAL INTERFACE (Users: Plattform-Integration: Zeitsynchronisations-FVM),tsync,extracted,3,4,1
classes/cl_apext_tsync_TsyncFvmErrorDomain_db2ac9.html,class,apext::tsync::TsyncFvmErrorDomain — ara::* API,vis-internal,INTERNAL INTERFACE (Users: Plattform-Integration: Zeitsynchronisations-FVM),tsync,extracted,7,6,1
classes/cl_apext_tsync_TsyncFvmException_feac76.html,class,apext::tsync::TsyncFvmException — ara::* API,vis-internal,INTERNAL INTERFACE (Users: Plattform-Integration: Zeitsynchronisations-FVM),tsync,extracted,1,2,1
classes/cl_ara_com_ComErrorDomain_f7fe3f.html,class,ara::com::ComErrorDomain — ara::* API,vis-app,APPLICATION INTERFACE,com,extracted,6,3,1
classes/cl_ara_com_ComException_85bfb4.html,class,ara::com::ComException — ara::* API,vis-app,APPLICATION INTERFACE,com,extracted,1,1,1
classes/cl_ara_com_FindServiceHandle_c56b5d.html,class,ara::com::FindServiceHandle — ara::* API,vis-app,APPLICATION INTERFACE,com,extracted,4,1,1
classes/cl_ara_com_InstanceIdentifier_662eea.html,class,ara::com::InstanceIdentifier — ara::* API,vis-app,APPLICATION INTERFACE,com,extracted,10,4,1
classes/cl_ara_com_SamplePtr_f95130.html,class,ara::com::SamplePtr — ara::* API,vis-app,APPLICATION INTERFACE,com,extracted,15,5,1
classes/cl_ara_com_ServiceIdentifierType_7d13a0.html,class,ara::com::ServiceIdentifierType — ara::* API,vis-app,APPLICATION INTERFACE,com,extracted,4,2,1
classes/cl_ara_com_ServiceVersionType_c1349a.html,class,ara::com::ServiceVersionType — ara::* API,vis-app,APPLICATION INTERFACE,com,extracted,4,2,1
classes/cl_ara_com_e2e_ComE2EErrorDomain_fb2892.html,class,ara::com::e2e::ComE2EErrorDomain — ara::* API,vis-app,APPLICATION INTERFACE,com,extracted,6,3,1
classes/cl_ara_com_e2e_ComE2EException_720917.html,class,ara::com::e2e::ComE2EException — ara::* API,vis-app,APPLICATION INTERFACE,com,extracted,1,1,1
classes/cl_ara_core_Array_940f9b.html,class,ara::core::Array — ara::* API,vis-app,APPLICATION INTERFACE,core,extracted,38,39,1
classes/cl_ara_core_BasicString_b75ad8.html,class,ara::core::BasicString — ara::* API,vis-app,APPLICATION INTERFACE,core,extracted,167,167,1
classes/cl_ara_core_Bitset_9afc89.html,class,ara::core::Bitset — ara::* API,vis-app,APPLICATION INTERFACE,core,extracted,39,35,1
classes/cl_ara_core_Bitset_reference_d7719d.html,class,ara::core::Bitset::reference — ara::* API,vis-app,APPLICATION INTERFACE,core,extracted,1,2,1
classes/cl_ara_core_CoreErrorDomain_723639.html,class,ara::core::CoreErrorDomain — ara::* API,vis-app,APPLICATION INTERFACE,core,extracted,6,2,1
classes/cl_ara_core_CoreException_6fef0c.html,class,ara::core::CoreException — ara::* API,vis-app,APPLICATION INTERFACE,core,extracted,1,1,1
classes/cl_ara_core_ErrorCode_538b08.html,class,ara::core::ErrorCode — ara::* API,vis-app,APPLICATION INTERFACE,core,extracted,7,5,1
classes/cl_ara_core_ErrorDomain_a538fe.html,class,ara::core::ErrorDomain — ara::* API,vis-app,APPLICATION INTERFACE,core,extracted,15,6,1
classes/cl_ara_core_Exception_a2d771.html,class,ara::core::Exception — ara::* API,vis-app,APPLICATION INTERFACE,core,extracted,8,6,1
classes/cl_ara_core_Executor_3ea577.html,class,ara::core::Executor — ara::* API,vis-app,APPLICATION INTERFACE,core,extracted,7,8,1
classes/cl_ara_core_FutureErrorDomain_fa421f.html,class,ara::core::FutureErrorDomain — ara::* API,vis-app,APPLICATION INTERFACE,core,extracted,6,5,1
classes/cl_ara_core_FutureException_aa6c40.html,class,ara::core::FutureException — ara::* API,vis-app,APPLICATION INTERFACE,core,extracted,1,2,1
classes/cl_ara_core_Future_420ba8.html,class,ara::core::Future — ara::* API,vis-app,APPLICATION INTERFACE,core,extracted,15,13,1
classes/cl_ara_core_Future_void_E_7151bc.html,class,"ara::core::Future< void, E > — ara::* API",vis-app,APPLICATION INTERFACE,core,extracted,15,15,1
classes/cl_ara_core_InstanceSpecifier_4f5967.html,class,ara::core::InstanceSpecifier — ara::* API,vis-app,APPLICATION INTERFACE,core,extracted,13,14,1
classes/cl_ara_core_Map_cba7f0.html,class,ara::core::Map — ara::* API,vis-app,APPLICATION INTERFACE,core,extracted,104,105,1
classes/cl_ara_core_Map_value_compare_a09452.html,class,ara::core::Map::value_compare — ara::* API,vis-app,APPLICATION INTERFACE,core,extracted,3,4,1
classes/cl_ara_core_MemoryResource_67fcc0.html,class,ara::core::MemoryResource — ara::* API,vis-app,APPLICATION INTERFACE,core,extracted,12,11,1
classes/cl_ara_core_Monostate_1e0a12.html,class,ara::core::Monostate — ara::* API,vis-app,APPLICATION INTERFACE,core,extracted,0,1,0
classes/cl_ara_core_MonotonicBufferResource_ff50ce.html,class,ara::core::MonotonicBufferResource — ara::* API,vis-app,APPLICATION INTERFACE,core,extracted,16,15,1
classes/cl_ara_core_Optional_27f98b.html,class,ara::core::Optional — ara::* API,vis-app,APPLICATION INTERFACE,core,extracted,35,36,1
classes/cl_ara_core_Optional_T_35cc9e.html,class,ara::core::Optional< T & > — ara::* API,vis-app,APPLICATION INTERFACE,core,extracted,25,26,1
classes/cl_ara_core_PolymorphicAllocator_82ca05.html,class,ara::core::PolymorphicAllocator — ara::* API,vis-app,APPLICATION INTERFACE,core,extracted,20,20,1
classes/cl_ara_core_PoolOptions_c9b7fd.html,class,ara::core::PoolOptions — ara::* API,vis-app,APPLICATION INTERFACE,core,extracted,2,3,1
classes/cl_ara_core_Promise_6db9e1.html,class,ara::core::Promise — ara::* API,vis-app,APPLICATION INTERFACE,core,extracted,14,10,1
classes/cl_ara_core_Promise_void_E_e5a8db.html,class,"ara::core::Promise< void, E > — ara::* API",vis-app,APPLICATION INTERFACE,core,extracted,13,7,1
classes/cl_ara_core_Result_T_E_8b59ba.html,class,"ara::core::Result< T &, E > — ara::* API",vis-app,APPLICATION INTERFACE,core,extracted,41,16,1
classes/cl_ara_core_Result_d51722.html,class,ara::core::Result — ara::* API,vis-app,APPLICATION INTERFACE,core,extracted,47,16,1
classes/cl_ara_core_Result_void_E_c9d1e9.html,class,"ara::core::Result< void, E > — ara::* API",vis-app,APPLICATION INTERFACE,core,extracted,33,32,1
classes/cl_ara_core_Span_f16d72.html,class,ara::core::Span — ara::* API,vis-app,APPLICATION INTERFACE,core,extracted,46,47,1
classes/cl_ara_core_SteadyClock_57bda3.html,class,ara::core::SteadyClock — ara::* API,vis-app,APPLICATION INTERFACE,core,extracted,6,2,1
classes/cl_ara_core_StringView_cfeb8f.html,class,ara::core::StringView — ara::* API,vis-app,APPLICATION INTERFACE,core,extracted,81,79,1
classes/cl_ara_core_SynchronizedPoolResource_dbddce.html,class,ara::core::SynchronizedPoolResource — ara::* API,vis-app,APPLICATION INTERFACE,core,extracted,15,14,1
classes/cl_ara_core_UnsynchronizedPoolResource_652373.html,class,ara::core::UnsynchronizedPoolResource — ara::* API,vis-app,APPLICATION INTERFACE,core,extracted,15,14,1
classes/cl_ara_core_Variant_70f719.html,class,ara::core::Variant — ara::* API,vis-app,APPLICATION INTERFACE,core,extracted,19,20,1
classes/cl_ara_core_Vector_53b788.html,class,ara::core::Vector — ara::* API,vis-app,APPLICATION INTERFACE,core,extracted,74,75,1
classes/cl_ara_core_hash_83e629.html,class,ara::core::hash — ara::* API,vis-app,APPLICATION INTERFACE,core,extracted,0,1,0
classes/cl_ara_core_in_place_index_t_c66f81.html,class,ara::core::in_place_index_t — ara::* API,vis-app,APPLICATION INTERFACE,core,extracted,1,1,1
classes/cl_ara_core_in_place_t_343915.html,class,ara::core::in_place_t — ara::* API,vis-app,APPLICATION INTERFACE,core,extracted,1,1,1
classes/cl_ara_core_in_place_type_t_8f2d1a.html,class,ara::core::in_place_type_t — ara::* API,vis-app,APPLICATION INTERFACE,core,extracted,1,1,1
classes/cl_ara_core_is_nothrow_swappable_f9d29b.html,class,ara::core::is_nothrow_swappable — ara::* API,vis-app,APPLICATION INTERFACE,core,extracted,0,1,0
classes/cl_ara_core_nullopt_t_e22f58.html,class,ara::core::nullopt_t — ara::* API,vis-app,APPLICATION INTERFACE,core,extracted,0,1,0
classes/cl_ara_core_variant_alternative_50c77e.html,class,ara::core::variant_alternative — ara::* API,vis-app,APPLICATION INTERFACE,core,extracted,0,1,0
classes/cl_ara_core_variant_alternative_I_Variant_Types..._8df711.html,class,"ara::core::variant_alternative< I, Variant< Types... > > — ara::* API",vis-app,APPLICATION INTERFACE,core,extracted,0,1,0
classes/cl_ara_core_variant_alternative_I_const_T_1b9135.html,class,"ara::core::variant_alternative< I, const T > — ara::* API",vis-app,APPLICATION INTERFACE,core,extracted,0,1,0
classes/cl_ara_core_variant_alternative_I_const_volatile_T_34d81f.html,class,"ara::core::variant_alternative< I, const volatile T > — ara::* API",vis-app,APPLICATION INTERFACE,core,extracted,0,1,0
classes/cl_ara_core_variant_alternative_I_volatile_T_6ae672.html,class,"ara::core::variant_alternative< I, volatile T > — ara::* API",vis-app,APPLICATION INTERFACE,core,extracted,0,1,0
classes/cl_ara_core_variant_size_Variant_37d48d.html,class,ara::core::variant_size< Variant< Types... > > — ara::* API,vis-app,APPLICATION INTERFACE,core,extracted,0,1,0
classes/cl_ara_core_variant_size_const_T_ffccc0.html,class,ara::core::variant_size< const T > — ara::* API,vis-app,APPLICATION INTERFACE,core,extracted,0,1,0
classes/cl_ara_core_variant_size_const_ec9113.html,class,ara::core::variant_size< const volatile T > — ara::* API,vis-app,APPLICATION INTERFACE,core,extracted,0,1,0
classes/cl_ara_core_variant_size_e3a186.html,class,ara::core::variant_size — ara::* API,vis-app,APPLICATION INTERFACE,core,extracted,0,1,0
classes/cl_ara_core_variant_size_volatile_T_e7f22e.html,class,ara::core::variant_size< volatile T > — ara::* API,vis-app,APPLICATION INTERFACE,core,extracted,0,1,0
classes/cl_ara_crypto_CryptoErrorDomain_65cc5f.html,class,ara::crypto::CryptoErrorDomain — ara::* API,vis-app,APPLICATION INTERFACE,crypto,extracted,6,5,1
classes/cl_ara_crypto_CryptoException_e96f3d.html,class,ara::crypto::CryptoException — ara::* API,vis-app,APPLICATION INTERFACE,crypto,extracted,1,2,1
classes/cl_ara_crypto_Formatter_6738f9.html,class,ara::crypto::Formatter — ara::* API,vis-app,APPLICATION INTERFACE,crypto,extracted,4,4,1
classes/cl_ara_crypto_SecureCounter_b841c1.html,class,ara::crypto::SecureCounter — ara::* API,vis-app,APPLICATION INTERFACE,crypto,extracted,2,1,1
classes/cl_ara_crypto_Serializable_e0adda.html,class,ara::crypto::Serializable — ara::* API,vis-app,APPLICATION INTERFACE,crypto,extracted,2,3,1
classes/cl_ara_crypto_cryp_AuthCipherCtx_353b5a.html,class,ara::crypto::cryp::AuthCipherCtx — ara::* API,vis-app,APPLICATION INTERFACE,crypto,extracted,21,21,1
classes/cl_ara_crypto_cryp_CryptoContext_b86b98.html,class,ara::crypto::cryp::CryptoContext — ara::* API,vis-app,APPLICATION INTERFACE,crypto,extracted,6,2,1
classes/cl_ara_crypto_cryp_CryptoObject_b2f4d2.html,class,ara::crypto::cryp::CryptoObject — ara::* API,vis-app,APPLICATION INTERFACE,crypto,extracted,4,4,1
classes/cl_ara_crypto_cryp_CryptoProvider_4d0caf.html,class,ara::crypto::cryp::CryptoProvider — ara::* API,vis-app,APPLICATION INTERFACE,crypto,extracted,35,30,1
classes/cl_ara_crypto_cryp_DecryptorPrivateCtx_cabc29.html,class,ara::crypto::cryp::DecryptorPrivateCtx — ara::* API,vis-app,APPLICATION INTERFACE,crypto,extracted,11,11,1
classes/cl_ara_crypto_cryp_EncryptorPublicCtx_16f282.html,class,ara::crypto::cryp::EncryptorPublicCtx — ara::* API,vis-app,APPLICATION INTERFACE,crypto,extracted,11,11,1
classes/cl_ara_crypto_cryp_HashFunctionCtx_88abb5.html,class,ara::crypto::cryp::HashFunctionCtx — ara::* API,vis-app,APPLICATION INTERFACE,crypto,extracted,16,16,1
classes/cl_ara_crypto_cryp_KeyAgreementPrivateCtx_bb2a70.html,class,ara::crypto::cryp::KeyAgreementPrivateCtx — ara::* API,vis-app,APPLICATION INTERFACE,crypto,extracted,6,6,1
classes/cl_ara_crypto_cryp_KeyDecapsulatorPrivateCtx_e9fc9a.html,class,ara::crypto::cryp::KeyDecapsulatorPrivateCtx — ara::* API,vis-app,APPLICATION INTERFACE,crypto,extracted,4,4,1
classes/cl_ara_crypto_cryp_KeyDerivationFunctionCtx_eea245.html,class,ara::crypto::cryp::KeyDerivationFunctionCtx — ara::* API,vis-app,APPLICATION INTERFACE,crypto,extracted,7,7,1
classes/cl_ara_crypto_cryp_KeyEncapsulatorPublicCtx_61a405.html,class,ara::crypto::cryp::KeyEncapsulatorPublicCtx — ara::* API,vis-app,APPLICATION INTERFACE,crypto,extracted,6,6,1
classes/cl_ara_crypto_cryp_KeySlot_ded1fc.html,class,ara::crypto::cryp::KeySlot — ara::* API,vis-app,APPLICATION INTERFACE,crypto,extracted,12,7,1
classes/cl_ara_crypto_cryp_MessageAuthnCodeCtx_a21d04.html,class,ara::crypto::cryp::MessageAuthnCodeCtx — ara::* API,vis-app,APPLICATION INTERFACE,crypto,extracted,18,18,1
classes/cl_ara_crypto_cryp_PrivateKey_a661f0.html,class,ara::crypto::cryp::PrivateKey — ara::* API,vis-app,APPLICATION INTERFACE,crypto,extracted,2,2,1
classes/cl_ara_crypto_cryp_ProtectedKeyImportCtx_fbf507.html,class,ara::crypto::cryp::ProtectedKeyImportCtx — ara::* API,vis-app,APPLICATION INTERFACE,crypto,extracted,10,10,1
classes/cl_ara_crypto_cryp_PublicKey_11ccb6.html,class,ara::crypto::cryp::PublicKey — ara::* API,vis-app,APPLICATION INTERFACE,crypto,extracted,1,1,1
classes/cl_ara_crypto_cryp_RandomGeneratorCtx_785bfa.html,class,ara::crypto::cryp::RandomGeneratorCtx — ara::* API,vis-app,APPLICATION INTERFACE,crypto,extracted,5,5,1
classes/cl_ara_crypto_cryp_SignerPrivateCtx_ca7ab5.html,class,ara::crypto::cryp::SignerPrivateCtx — ara::* API,vis-app,APPLICATION INTERFACE,crypto,extracted,11,11,1
classes/cl_ara_crypto_cryp_SymmetricCipherCtx_17a141.html,class,ara::crypto::cryp::SymmetricCipherCtx — ara::* API,vis-app,APPLICATION INTERFACE,crypto,extracted,19,19,1
classes/cl_ara_crypto_cryp_SymmetricKeyWrapperCtx_eff1d9.html,class,ara::crypto::cryp::SymmetricKeyWrapperCtx — ara::* API,vis-app,APPLICATION INTERFACE,crypto,extracted,6,6,1
classes/cl_ara_crypto_cryp_SymmetricKey_25c975.html,class,ara::crypto::cryp::SymmetricKey — ara::* API,vis-app,APPLICATION INTERFACE,crypto,extracted,1,1,1
classes/cl_ara_crypto_cryp_VerifierPublicCtx_cbefc2.html,class,ara::crypto::cryp::VerifierPublicCtx — ara::* API,vis-app,APPLICATION INTERFACE,crypto,extracted,11,11,1
classes/cl_ara_crypto_cryp_WriteableKeySlot_96e71e.html,class,ara::crypto::cryp::WriteableKeySlot — ara::* API,vis-app,APPLICATION INTERFACE,crypto,extracted,7,2,1
classes/cl_ara_crypto_x509_CertSignRequest_04d18b.html,class,ara::crypto::x509::CertSignRequest — ara::* API,vis-app,APPLICATION INTERFACE,crypto,extracted,1,1,1
classes/cl_ara_crypto_x509_CertificateValidationCtx_807113.html,class,ara::crypto::x509::CertificateValidationCtx — ara::* API,vis-app,APPLICATION INTERFACE,crypto,extracted,9,9,1
classes/cl_ara_crypto_x509_CertificateValidationResult_1cea9c.html,class,ara::crypto::x509::CertificateValidationResult — ara::* API,vis-app,APPLICATION INTERFACE,crypto,extracted,4,4,1
classes/cl_ara_crypto_x509_Certificate_922056.html,class,ara::crypto::x509::Certificate — ara::* API,vis-app,APPLICATION INTERFACE,crypto,extracted,1,1,1
classes/cl_ara_crypto_x509_OcspResponse_ae8bcf.html,class,ara::crypto::x509::OcspResponse — ara::* API,vis-app,APPLICATION INTERFACE,crypto,extracted,3,3,1
classes/cl_ara_crypto_x509_X509DN_3945b5.html,class,ara::crypto::x509::X509DN — ara::* API,vis-app,APPLICATION INTERFACE,crypto,extracted,2,2,1
classes/cl_ara_crypto_x509_X509Provider_b14d9a.html,class,ara::crypto::x509::X509Provider — ara::* API,vis-app,APPLICATION INTERFACE,crypto,extracted,23,18,1
classes/cl_ara_diag_Authentication_024e34.html,class,ara::diag::Authentication — ara::* API,vis-app,APPLICATION INTERFACE,diag,extracted,11,8,1
classes/cl_ara_diag_CancellationHandler_e2b2ab.html,class,ara::diag::CancellationHandler — ara::* API,vis-app,APPLICATION INTERFACE,diag,extracted,8,3,1
classes/cl_ara_diag_ClientAuthenticationHandle_f03a02.html,class,ara::diag::ClientAuthenticationHandle — ara::* API,vis-app,APPLICATION INTERFACE,diag,extracted,10,7,1
classes/cl_ara_diag_ClientAuthentication_f83028.html,class,ara::diag::ClientAuthentication — ara::* API,vis-app,APPLICATION INTERFACE,diag,extracted,12,6,1
classes/cl_ara_diag_CommunicationControl_ComCtrlRequestParamsType_4b6336.html,class,ara::diag::CommunicationControl::ComCtrlRequestParamsType — ara::* API,vis-app,APPLICATION INTERFACE,diag,extracted,3,1,1
classes/cl_ara_diag_CommunicationControl_bc19db.html,class,ara::diag::CommunicationControl — ara::* API,vis-app,APPLICATION INTERFACE,diag,extracted,9,6,1
classes/cl_ara_diag_Condition_b614dc.html,class,ara::diag::Condition — ara::* API,vis-app,APPLICATION INTERFACE,diag,extracted,8,5,1
classes/cl_ara_diag_Conversation_8b92b3.html,class,ara::diag::Conversation — ara::* API,vis-app,APPLICATION INTERFACE,diag,extracted,20,14,1
classes/cl_ara_diag_Conversation_ConversationIdentifierType_16ba5e.html,class,ara::diag::Conversation::ConversationIdentifierType — ara::* API,vis-app,APPLICATION INTERFACE,diag,extracted,0,1,0
classes/cl_ara_diag_CounterBased_3e0a55.html,class,ara::diag::CounterBased — ara::* API,vis-app,APPLICATION INTERFACE,diag,extracted,8,1,1
classes/cl_ara_diag_DTCInformation_3c3d92.html,class,ara::diag::DTCInformation — ara::* API,vis-app,APPLICATION INTERFACE,diag,extracted,22,13,1
classes/cl_ara_diag_DTCInformation_SnapshotDataIdentifierType_a23042.html,class,ara::diag::DTCInformation::SnapshotDataIdentifierType — ara::* API,vis-app,APPLICATION INTERFACE,diag,extracted,2,1,1
classes/cl_ara_diag_DTCInformation_SnapshotDataRecordType_313075.html,class,ara::diag::DTCInformation::SnapshotDataRecordType — ara::* API,vis-app,APPLICATION INTERFACE,diag,extracted,2,1,1
classes/cl_ara_diag_DTCInformation_SnapshotRecordUpdatedType_1c8ea6.html,class,ara::diag::DTCInformation::SnapshotRecordUpdatedType — ara::* API,vis-app,APPLICATION INTERFACE,diag,extracted,2,1,1
classes/cl_ara_diag_DTCInformation_UdsDtcStatusByteType_4d708b.html,class,ara::diag::DTCInformation::UdsDtcStatusByteType — ara::* API,vis-app,APPLICATION INTERFACE,diag,extracted,9,9,1
classes/cl_ara_diag_DataIdentifierConcurrencyType_278eb4.html,class,ara::diag::DataIdentifierConcurrencyType — ara::* API,vis-app,APPLICATION INTERFACE,diag,extracted,3,1,1
classes/cl_ara_diag_DataTransferReadByPullHandler_9b9d23.html,class,ara::diag::DataTransferReadByPullHandler — ara::* API,vis-app,APPLICATION INTERFACE,diag,extracted,8,3,1
classes/cl_ara_diag_DataTransferReadByPushHandler_c5d8ae.html,class,ara::diag::DataTransferReadByPushHandler — ara::* API,vis-app,APPLICATION INTERFACE,diag,extracted,8,3,1
classes/cl_ara_diag_DataTransferReadSession_1df8ab.html,class,ara::diag::DataTransferReadSession — ara::* API,vis-app,APPLICATION INTERFACE,diag,extracted,6,1,1
classes/cl_ara_diag_DataTransferReadSharedDataHandler_129ecd.html,class,ara::diag::DataTransferReadSharedDataHandler — ara::* API,vis-app,APPLICATION INTERFACE,diag,extracted,8,3,1
classes/cl_ara_diag_DataTransferWriteHandler_6b61bd.html,class,ara::diag::DataTransferWriteHandler — ara::* API,vis-app,APPLICATION INTERFACE,diag,extracted,8,4,1
classes/cl_ara_diag_DataTransferWriteSession_4220e3.html,class,ara::diag::DataTransferWriteSession — ara::* API,vis-app,APPLICATION INTERFACE,diag,extracted,6,1,1
classes/cl_ara_diag_DiagErrorDomain_3f58d2.html,class,ara::diag::DiagErrorDomain — ara::* API,vis-app,APPLICATION INTERFACE,diag,extracted,6,5,1
classes/cl_ara_diag_DiagException_0ce2a1.html,class,ara::diag::DiagException — ara::* API,vis-app,APPLICATION INTERFACE,diag,extracted,1,2,1
classes/cl_ara_diag_DiagOfferErrorDomain_453d20.html,class,ara::diag::DiagOfferErrorDomain — ara::* API,vis-app,APPLICATION INTERFACE,diag,extracted,6,5,1
classes/cl_ara_diag_DiagOfferException_d72c58.html,class,ara::diag::DiagOfferException — ara::* API,vis-app,APPLICATION INTERFACE,diag,extracted,1,2,1
classes/cl_ara_diag_DiagReportingErrorDomain_57e585.html,class,ara::diag::DiagReportingErrorDomain — ara::* API,vis-app,APPLICATION INTERFACE,diag,extracted,6,5,1
classes/cl_ara_diag_DiagReportingException_3e6864.html,class,ara::diag::DiagReportingException — ara::* API,vis-app,APPLICATION INTERFACE,diag,extracted,1,2,1
classes/cl_ara_diag_DiagSovdErrorDomain_0adc8c.html,class,ara::diag::DiagSovdErrorDomain — ara::* API,vis-app,APPLICATION INTERFACE,diag,extracted,6,5,1
classes/cl_ara_diag_DiagSovdException_e7d05d.html,class,ara::diag::DiagSovdException — ara::* API,vis-app,APPLICATION INTERFACE,diag,extracted,1,2,1
classes/cl_ara_diag_DiagUdsNrcErrorDomain_366117.html,class,ara::diag::DiagUdsNrcErrorDomain — ara::* API,vis-app,APPLICATION INTERFACE,diag,extracted,6,5,1
classes/cl_ara_diag_DiagUdsNrcException_c1fe56.html,class,ara::diag::DiagUdsNrcException — ara::* API,vis-app,APPLICATION INTERFACE,diag,extracted,1,2,1
classes/cl_ara_diag_DiagnosticServiceDynamicAccessList_b44b40.html,class,ara::diag::DiagnosticServiceDynamicAccessList — ara::* API,vis-app,APPLICATION INTERFACE,diag,extracted,9,10,1
classes/cl_ara_diag_DiagnosticSovdArrayContentElementDataConstIterator_15298c.html,class,ara::diag::DiagnosticSovdArrayContentElementDataConstIterator — ara::* API,vis-app,APPLICATION INTERFACE,diag,extracted,5,6,1
classes/cl_ara_diag_DiagnosticSovdArrayContentElementDataConstView_097558.html,class,ara::diag::DiagnosticSovdArrayContentElementDataConstView — ara::* API,vis-app,APPLICATION INTERFACE,diag,extracted,9,10,1
classes/cl_ara_diag_DiagnosticSovdArrayContentElementDataIterator_40f049.html,class,ara::diag::DiagnosticSovdArrayContentElementDataIterator — ara::* API,vis-app,APPLICATION INTERFACE,diag,extracted,5,6,1
classes/cl_ara_diag_DiagnosticSovdArrayContentElementDataView_d613fc.html,class,ara::diag::DiagnosticSovdArrayContentElementDataView — ara::* API,vis-app,APPLICATION INTERFACE,diag,extracted,20,17,1
classes/cl_ara_diag_DiagnosticSovdContentData_ec5b7b.html,class,ara::diag::DiagnosticSovdContentData — ara::* API,vis-app,APPLICATION INTERFACE,diag,extracted,1,1,1
classes/cl_ara_diag_DiagnosticSovdContentElementDataWithKey_b3e134.html,class,ara::diag::DiagnosticSovdContentElementDataWithKey — ara::* API,vis-app,APPLICATION INTERFACE,diag,extracted,6,2,1
classes/cl_ara_diag_DiagnosticSovdContentElementData_b748af.html,class,ara::diag::DiagnosticSovdContentElementData — ara::* API,vis-app,APPLICATION INTERFACE,diag,extracted,67,11,1
classes/cl_ara_diag_DiagnosticSovdRecordContentElementDataConstIterator_b2d505.html,class,ara::diag::DiagnosticSovdRecordContentElementDataConstIterator — ara::* API,vis-app,APPLICATION INTERFACE,diag,extracted,5,2,1
classes/cl_ara_diag_DiagnosticSovdRecordContentElementDataConstView_652920.html,class,ara::diag::DiagnosticSovdRecordContentElementDataConstView — ara::* API,vis-app,APPLICATION INTERFACE,diag,extracted,11,8,1
classes/cl_ara_diag_DiagnosticSovdRecordContentElementDataIterator_481174.html,class,ara::diag::DiagnosticSovdRecordContentElementDataIterator — ara::* API,vis-app,APPLICATION INTERFACE,diag,extracted,5,3,1
classes/cl_ara_diag_DiagnosticSovdRecordContentElementDataView_3f3fe0.html,class,ara::diag::DiagnosticSovdRecordContentElementDataView — ara::* API,vis-app,APPLICATION INTERFACE,diag,extracted,24,25,1
classes/cl_ara_diag_DoIPActivationLine_87e614.html,class,ara::diag::DoIPActivationLine — ara::* API,vis-app,APPLICATION INTERFACE,diag,extracted,11,7,1
classes/cl_ara_diag_DoIPEntityIdentification_EntityId_8623a6.html,class,ara::diag::DoIPEntityIdentification::EntityId — ara::* API,vis-app,APPLICATION INTERFACE,diag,extracted,1,1,1
classes/cl_ara_diag_DoIPEntityIdentification_efc6f4.html,class,ara::diag::DoIPEntityIdentification — ara::* API,vis-app,APPLICATION INTERFACE,diag,extracted,5,6,1
classes/cl_ara_diag_DoIPGroupIdentification_391a89.html,class,ara::diag::DoIPGroupIdentification — ara::* API,vis-app,APPLICATION INTERFACE,diag,extracted,9,6,1
classes/cl_ara_diag_DoIPGroupIdentification_GidStatus_adc6fa.html,class,ara::diag::DoIPGroupIdentification::GidStatus — ara::* API,vis-app,APPLICATION INTERFACE,diag,extracted,0,1,0
classes/cl_ara_diag_DoIPPowerMode_4c3e48.html,class,ara::diag::DoIPPowerMode — ara::* API,vis-app,APPLICATION INTERFACE,diag,extracted,9,6,1
classes/cl_ara_diag_DoIPTriggerVehicleAnnouncement_b8bf76.html,class,ara::diag::DoIPTriggerVehicleAnnouncement — ara::* API,vis-app,APPLICATION INTERFACE,diag,extracted,4,3,1
classes/cl_ara_diag_DownloadService_2354f5.html,class,ara::diag::DownloadService — ara::* API,vis-app,APPLICATION INTERFACE,diag,extracted,11,8,1
classes/cl_ara_diag_DownloadService_OperationOutput_4c32b4.html,class,ara::diag::DownloadService::OperationOutput — ara::* API,vis-app,APPLICATION INTERFACE,diag,extracted,1,1,1
classes/cl_ara_diag_DynamicAccessListDiagServiceBuilder_46ec37.html,class,ara::diag::DynamicAccessListDiagServiceBuilder — ara::* API,vis-app,APPLICATION INTERFACE,diag,extracted,15,11,1
classes/cl_ara_diag_DynamicAccessListDiagServiceBuilder_ByteRange_d92940.html,class,ara::diag::DynamicAccessListDiagServiceBuilder::ByteRange — ara::* API,vis-app,APPLICATION INTERFACE,diag,extracted,8,9,1
classes/cl_ara_diag_EcuResetRequest_bc3e1f.html,class,ara::diag::EcuResetRequest — ara::* API,vis-app,APPLICATION INTERFACE,diag,extracted,11,8,1
classes/cl_ara_diag_EventStatusByte_7b6229.html,class,ara::diag::EventStatusByte — ara::* API,vis-app,APPLICATION INTERFACE,diag,extracted,9,5,1
classes/cl_ara_diag_Event_d44616.html,class,ara::diag::Event — ara::* API,vis-app,APPLICATION INTERFACE,diag,extracted,12,9,1
classes/cl_ara_diag_ExternalAuthentication_19de3d.html,class,ara::diag::ExternalAuthentication — ara::* API,vis-app,APPLICATION INTERFACE,diag,extracted,10,6,1
classes/cl_ara_diag_FileTransferService_FileSizes_fe19c0.html,class,ara::diag::FileTransferService::FileSizes — ara::* API,vis-app,APPLICATION INTERFACE,diag,extracted,2,1,1
classes/cl_ara_diag_FileTransferService_eb6d13.html,class,ara::diag::FileTransferService — ara::* API,vis-app,APPLICATION INTERFACE,diag,extracted,14,12,1
classes/cl_ara_diag_GenericDataIdentifier_01c949.html,class,ara::diag::GenericDataIdentifier — ara::* API,vis-app,APPLICATION INTERFACE,diag,extracted,10,7,1
classes/cl_ara_diag_GenericDataIdentifier_OperationOutput_6768cf.html,class,ara::diag::GenericDataIdentifier::OperationOutput — ara::* API,vis-app,APPLICATION INTERFACE,diag,extracted,1,1,1
classes/cl_ara_diag_GenericDiagnosticSovdContent_76e658.html,class,ara::diag::GenericDiagnosticSovdContent — ara::* API,vis-app,APPLICATION INTERFACE,diag,extracted,8,9,1
classes/cl_ara_diag_GenericDiagnosticSovdOperation_StartAsynchronousExe_fe8b52.html,class,ara::diag::GenericDiagnosticSovdOperation::StartAsynchronousExecutionResponse — ara::* API,vis-app,APPLICATION INTERFACE,diag,extracted,0,1,0
classes/cl_ara_diag_GenericDiagnosticSovdOperation_StartSynchronousExec_af6fb7.html,class,ara::diag::GenericDiagnosticSovdOperation::StartSynchronousExecutionResponse — ara::* API,vis-app,APPLICATION INTERFACE,diag,extracted,0,1,0
classes/cl_ara_diag_GenericDiagnosticSovdOperation_fbec16.html,class,ara::diag::GenericDiagnosticSovdOperation — ara::* API,vis-app,APPLICATION INTERFACE,diag,extracted,7,8,1
classes/cl_ara_diag_GenericRoutine_28dece.html,class,ara::diag::GenericRoutine — ara::* API,vis-app,APPLICATION INTERFACE,diag,extracted,11,8,1
classes/cl_ara_diag_GenericRoutine_OperationOutput_7bce1c.html,class,ara::diag::GenericRoutine::OperationOutput — ara::* API,vis-app,APPLICATION INTERFACE,diag,extracted,1,1,1
classes/cl_ara_diag_GenericUDSService_733cac.html,class,ara::diag::GenericUDSService — ara::* API,vis-app,APPLICATION INTERFACE,diag,extracted,9,6,1
classes/cl_ara_diag_GenericUDSService_OperationOutput_651430.html,class,ara::diag::GenericUDSService::OperationOutput — ara::* API,vis-app,APPLICATION INTERFACE,diag,extracted,1,0,1
classes/cl_ara_diag_HttpRedirect_2b9775.html,class,ara::diag::HttpRedirect — ara::* API,vis-app,APPLICATION INTERFACE,diag,extracted,1,1,1
classes/cl_ara_diag_Indicator_893c08.html,class,ara::diag::Indicator — ara::* API,vis-app,APPLICATION INTERFACE,diag,extracted,9,5,1
classes/cl_ara_diag_MetaInfo_818707.html,class,ara::diag::MetaInfo — ara::* API,vis-app,APPLICATION INTERFACE,diag,extracted,13,6,1
classes/cl_ara_diag_Monitor_5df579.html,class,ara::diag::Monitor — ara::* API,vis-app,APPLICATION INTERFACE,diag,extracted,11,8,1
classes/cl_ara_diag_MultipleCondition_2b127b.html,class,ara::diag::MultipleCondition — ara::* API,vis-app,APPLICATION INTERFACE,diag,extracted,8,5,1
classes/cl_ara_diag_MultipleEvent_ebadb2.html,class,ara::diag::MultipleEvent — ara::* API,vis-app,APPLICATION INTERFACE,diag,extracted,11,8,1
classes/cl_ara_diag_MultipleMonitor_197a12.html,class,ara::diag::MultipleMonitor — ara::* API,vis-app,APPLICATION INTERFACE,diag,extracted,12,9,1
classes/cl_ara_diag_OperationCycle_67d05f.html,class,ara::diag::OperationCycle — ara::* API,vis-app,APPLICATION INTERFACE,diag,extracted,9,5,1
classes/cl_ara_diag_ReleaseHandler_e572cb.html,class,ara::diag::ReleaseHandler — ara::* API,vis-app,APPLICATION INTERFACE,diag,extracted,9,6,1
classes/cl_ara_diag_SecurityAccess_b489ef.html,class,ara::diag::SecurityAccess — ara::* API,vis-app,APPLICATION INTERFACE,diag,extracted,10,7,1
classes/cl_ara_diag_ServiceValidation_4c2c90.html,class,ara::diag::ServiceValidation — ara::* API,vis-app,APPLICATION INTERFACE,diag,extracted,10,7,1
classes/cl_ara_diag_SovdAuthorization_ValidateAuthorizationOutput_178096.html,class,ara::diag::SovdAuthorization::ValidateAuthorizationOutput — ara::* API,vis-app,APPLICATION INTERFACE,diag,extracted,2,1,1
classes/cl_ara_diag_SovdAuthorization_cc5546.html,class,ara::diag::SovdAuthorization — ara::* API,vis-app,APPLICATION INTERFACE,diag,extracted,7,7,1
classes/cl_ara_diag_SovdBulkData_BulkDataMetaDataDescriptor_d2855b.html,class,ara::diag::SovdBulkData::BulkDataMetaDataDescriptor — ara::* API,vis-app,APPLICATION INTERFACE,diag,extracted,10,1,1
classes/cl_ara_diag_SovdBulkData_DeleteByCategoryResult_e91b05.html,class,ara::diag::SovdBulkData::DeleteByCategoryResult — ara::* API,vis-app,APPLICATION INTERFACE,diag,extracted,2,1,1
classes/cl_ara_diag_SovdBulkData_DeletionError_0b1f2d.html,class,ara::diag::SovdBulkData::DeletionError — ara::* API,vis-app,APPLICATION INTERFACE,diag,extracted,2,1,1
classes/cl_ara_diag_SovdBulkData_bcbd0c.html,class,ara::diag::SovdBulkData — ara::* API,vis-app,APPLICATION INTERFACE,diag,extracted,13,10,1
classes/cl_ara_diag_SovdConfiguration_694f8c.html,class,ara::diag::SovdConfiguration — ara::* API,vis-app,APPLICATION INTERFACE,diag,extracted,10,7,1
classes/cl_ara_diag_SovdConfiguration_SovdConfigurationMetaInfo_4ce292.html,class,ara::diag::SovdConfiguration::SovdConfigurationMetaInfo — ara::* API,vis-app,APPLICATION INTERFACE,diag,extracted,2,1,1
classes/cl_ara_diag_SovdContentConcurrencyType_2fcb32.html,class,ara::diag::SovdContentConcurrencyType — ara::* API,vis-app,APPLICATION INTERFACE,diag,extracted,3,1,1
classes/cl_ara_diag_SovdOperationExecution_GetStatusResponse_b9ff01.html,class,ara::diag::SovdOperationExecution::GetStatusResponse — ara::* API,vis-app,APPLICATION INTERFACE,diag,extracted,0,1,0
classes/cl_ara_diag_SovdOperationExecution_beb569.html,class,ara::diag::SovdOperationExecution — ara::* API,vis-app,APPLICATION INTERFACE,diag,extracted,5,4,1
classes/cl_ara_diag_SovdProximityChallengeType_23fb4f.html,class,ara::diag::SovdProximityChallengeType — ara::* API,vis-app,APPLICATION INTERFACE,diag,extracted,2,1,1
classes/cl_ara_diag_SovdProximityChallenge_2669f4.html,class,ara::diag::SovdProximityChallenge — ara::* API,vis-app,APPLICATION INTERFACE,diag,extracted,6,6,1
classes/cl_ara_diag_SovdServiceValidation_586797.html,class,ara::diag::SovdServiceValidation — ara::* API,vis-app,APPLICATION INTERFACE,diag,extracted,5,5,1
classes/cl_ara_diag_SovdSwUpdate_18fa91.html,class,ara::diag::SovdSwUpdate — ara::* API,vis-app,APPLICATION INTERFACE,diag,extracted,16,13,1
classes/cl_ara_diag_SovdSwUpdate_SubProgress_20a026.html,class,ara::diag::SovdSwUpdate::SubProgress — ara::* API,vis-app,APPLICATION INTERFACE,diag,extracted,4,1,1
classes/cl_ara_diag_SovdSwUpdate_UpdatePackageDetails_c26367.html,class,ara::diag::SovdSwUpdate::UpdatePackageDetails — ara::* API,vis-app,APPLICATION INTERFACE,diag,extracted,16,1,1
classes/cl_ara_diag_SovdSwUpdate_UpdatePackageStatus_aa6ef0.html,class,ara::diag::SovdSwUpdate::UpdatePackageStatus — ara::* API,vis-app,APPLICATION INTERFACE,diag,extracted,7,1,1
classes/cl_ara_diag_TimeBased_573f80.html,class,ara::diag::TimeBased — ara::* API,vis-app,APPLICATION INTERFACE,diag,extracted,2,1,1
classes/cl_ara_diag_TransmitCertificate_236254.html,class,ara::diag::TransmitCertificate — ara::* API,vis-app,APPLICATION INTERFACE,diag,extracted,9,5,1
classes/cl_ara_diag_UploadService_OperationOutput_e2247e.html,class,ara::diag::UploadService::OperationOutput — ara::* API,vis-app,APPLICATION INTERFACE,diag,extracted,1,1,1
classes/cl_ara_diag_UploadService_d0eb0f.html,class,ara::diag::UploadService — ara::* API,vis-app,APPLICATION INTERFACE,diag,extracted,11,7,1
classes/cl_ara_exec_ExecErrorDomain_39a295.html,class,ara::exec::ExecErrorDomain — ara::* API,vis-app,APPLICATION INTERFACE,exec,extracted,4,5,1
classes/cl_ara_exec_ExecException_d50859.html,class,ara::exec::ExecException — ara::* API,vis-app,APPLICATION INTERFACE,exec,extracted,1,2,1
classes/cl_ara_exec_ExecutionClient_e0f3df.html,class,ara::exec::ExecutionClient — ara::* API,vis-app,APPLICATION INTERFACE,exec,extracted,8,8,1
classes/cl_ara_exec_ExecutionErrorEvent_7aa757.html,class,ara::exec::ExecutionErrorEvent — ara::* API,vis-internal,INTERNAL INTERFACE (Users: State Management),exec,extracted,2,1,1
classes/cl_ara_exec_FunctionGroupState_651be1.html,class,ara::exec::FunctionGroupState — ara::* API,vis-internal,INTERNAL INTERFACE (Users: State Management),exec,extracted,8,9,1
classes/cl_ara_exec_FunctionGroup_eb52bf.html,class,ara::exec::FunctionGroup — ara::* API,vis-internal,INTERNAL INTERFACE (Users: State Management),exec,extracted,9,10,1
classes/cl_ara_exec_StateClient_276b21.html,class,ara::exec::StateClient — ara::* API,vis-internal,INTERNAL INTERFACE (Users: State Management),exec,extracted,10,10,1
classes/cl_ara_fw_FirewallStateSwitchInterface_a82001.html,class,ara::fw::FirewallStateSwitchInterface — ara::* API,vis-priv,"PRIVILEGED INTERFACE (Users: Prozesse mit AdaptiveFirewallToPortPrototypeMapping, typ. State Management)",fw,derived,7,8,0
classes/cl_ara_fw_FwErrorDomain_a83006.html,class,ara::fw::FwErrorDomain — ara::* API,vis-priv,"PRIVILEGED INTERFACE (Users: Prozesse mit AdaptiveFirewallToPortPrototypeMapping, typ. State Management)",fw,derived,6,7,0
classes/cl_ara_fw_FwException_a83004.html,class,ara::fw::FwException — ara::* API,vis-priv,"PRIVILEGED INTERFACE (Users: Prozesse mit AdaptiveFirewallToPortPrototypeMapping, typ. State Management)",fw,derived,1,2,0
classes/cl_ara_idsm_ContextDataProvider_725af1.html,class,ara::idsm::ContextDataProvider — ara::* API,vis-app,APPLICATION INTERFACE,idsm,footer_3,10,5,0
classes/cl_ara_idsm_EventReporter_a34c7d.html,class,ara::idsm::EventReporter — ara::* API,vis-app,APPLICATION INTERFACE,idsm,footer_3,8,9,1
classes/cl_ara_idsm_IdsmErrorDomain_1d6ce8.html,class,ara::idsm::IdsmErrorDomain — ara::* API,vis-app,APPLICATION INTERFACE,idsm,footer_3,7,1,0
classes/cl_ara_idsm_IdsmException_9a51e2.html,class,ara::idsm::IdsmException — ara::* API,vis-app,APPLICATION INTERFACE,idsm,footer_3,2,2,0
classes/cl_ara_idsm_QualifiedEventsReceiver_60bf93.html,class,ara::idsm::QualifiedEventsReceiver — ara::* API,vis-app,APPLICATION INTERFACE,idsm,footer_3,11,7,0
classes/cl_ara_idsm_ReportingModeProvider_54e0b6.html,class,ara::idsm::ReportingModeProvider — ara::* API,vis-app,APPLICATION INTERFACE,idsm,footer_3,4,4,0
classes/cl_ara_idsm_TimestampProvider_b8962a.html,class,ara::idsm::TimestampProvider — ara::* API,vis-app,APPLICATION INTERFACE,idsm,footer_3,10,4,0
classes/cl_ara_log_Argument_2cabba.html,class,ara::log::Argument — ara::* API,vis-app,APPLICATION INTERFACE,log,extracted,0,1,0
classes/cl_ara_log_Format_2a1754.html,class,ara::log::Format — ara::* API,vis-app,APPLICATION INTERFACE,log,extracted,2,1,1
classes/cl_ara_log_LogStream_2f1f1b.html,class,ara::log::LogStream — ara::* API,vis-app,APPLICATION INTERFACE,log,extracted,24,23,1
classes/cl_ara_log_Logger_48f21d.html,class,ara::log::Logger — ara::* API,vis-app,APPLICATION INTERFACE,log,extracted,13,14,1
classes/cl_ara_nm_NetworkHandle_4a11c2.html,class,ara::nm::NetworkHandle — ara::* API,vis-internal,INTERNAL INTERFACE (Users: State Management),nm,footer_3,18,13,0
classes/cl_ara_nm_NmErrorDomain_9b71d3.html,class,ara::nm::NmErrorDomain — ara::* API,vis-internal,INTERNAL INTERFACE (Users: State Management),nm,footer_3,7,5,0
classes/cl_ara_nm_NmException_6e2f84.html,class,ara::nm::NmException — ara::* API,vis-internal,INTERNAL INTERFACE (Users: State Management),nm,footer_3,2,3,0
classes/cl_ara_per_FileAccessor_efe7d0.html,class,ara::per::FileAccessor — ara::* API,vis-app,APPLICATION INTERFACE,per,extracted,11,4,1
classes/cl_ara_per_FileInfo_15b6f6.html,class,ara::per::FileInfo — ara::* API,vis-app,APPLICATION INTERFACE,per,extracted,5,1,1
classes/cl_ara_per_FileStorage_29266b.html,class,ara::per::FileStorage — ara::* API,vis-app,APPLICATION INTERFACE,per,extracted,22,17,1
classes/cl_ara_per_KeyValueStorage_e55123.html,class,ara::per::KeyValueStorage — ara::* API,vis-app,APPLICATION INTERFACE,per,extracted,18,13,1
classes/cl_ara_per_PerErrorDomain_5cc5d1.html,class,ara::per::PerErrorDomain — ara::* API,vis-app,APPLICATION INTERFACE,per,extracted,6,1,1
classes/cl_ara_per_PerException_03e937.html,class,ara::per::PerException — ara::* API,vis-app,APPLICATION INTERFACE,per,extracted,1,1,1
classes/cl_ara_per_ReadAccessor_4ffb0b.html,class,ara::per::ReadAccessor — ara::* API,vis-app,APPLICATION INTERFACE,per,extracted,11,10,1
classes/cl_ara_per_ReadWriteAccessor_30aeb5.html,class,ara::per::ReadWriteAccessor — ara::* API,vis-app,APPLICATION INTERFACE,per,extracted,2,1,1
classes/cl_ara_per_SharedHandle_a773d0.html,class,ara::per::SharedHandle — ara::* API,vis-app,APPLICATION INTERFACE,per,extracted,10,1,1
classes/cl_ara_per_UniqueHandle_94e9f0.html,class,ara::per::UniqueHandle — ara::* API,vis-app,APPLICATION INTERFACE,per,extracted,10,1,1
classes/cl_ara_per_WriteAccessor_a926f9.html,class,ara::per::WriteAccessor — ara::* API,vis-app,APPLICATION INTERFACE,per,extracted,7,5,1
classes/cl_ara_phm_PhmErrorDomain_9aaace.html,class,ara::phm::PhmErrorDomain — ara::* API,vis-app,APPLICATION INTERFACE,phm,extracted,6,5,1
classes/cl_ara_phm_PhmException_0e0576.html,class,ara::phm::PhmException — ara::* API,vis-app,APPLICATION INTERFACE,phm,extracted,1,2,1
classes/cl_ara_phm_RecoveryAction_8b27fd.html,class,ara::phm::RecoveryAction — ara::* API,vis-internal,INTERNAL INTERFACE (Users: State Management),phm,extracted,9,8,1
classes/cl_ara_phm_SupervisedEntity_c46882.html,class,ara::phm::SupervisedEntity — ara::* API,vis-app,APPLICATION INTERFACE,phm,extracted,9,8,1
classes/cl_ara_rds_IEEE1722Datagram61883_IIDC_90243.html,class,ara::rds::IEEE1722Datagram61883_IIDC — ara::* API,vis-app,APPLICATION INTERFACE,rds,derived,17,1,0
classes/cl_ara_rds_IEEE1722DatagramAAF_90261.html,class,ara::rds::IEEE1722DatagramAAF — ara::* API,vis-app,APPLICATION INTERFACE,rds,derived,12,1,0
classes/cl_ara_rds_IEEE1722DatagramAVTPDUCommonHeaderFields_90229.html,class,ara::rds::IEEE1722DatagramAVTPDUCommonHeaderFields — ara::* API,vis-app,APPLICATION INTERFACE,rds,derived,4,1,0
classes/cl_ara_rds_IEEE1722DatagramAVTPDUCommonStreamHeaderFields_90234.html,class,ara::rds::IEEE1722DatagramAVTPDUCommonStreamHeaderFields — ara::* API,vis-app,APPLICATION INTERFACE,rds,derived,8,1,0
classes/cl_ara_rds_IEEE1722DatagramCRF_90293.html,class,ara::rds::IEEE1722DatagramCRF — ara::* API,vis-app,APPLICATION INTERFACE,rds,derived,11,1,0
classes/cl_ara_rds_IEEE1722DatagramNTSCF_90305.html,class,ara::rds::IEEE1722DatagramNTSCF — ara::* API,vis-app,APPLICATION INTERFACE,rds,derived,5,1,0
classes/cl_ara_rds_IEEE1722DatagramRVF_90274.html,class,ara::rds::IEEE1722DatagramRVF — ara::* API,vis-app,APPLICATION INTERFACE,rds,derived,16,1,0
classes/cl_ara_rds_IEEE1722DatagramTSCF_90275.html,class,ara::rds::IEEE1722DatagramTSCF — ara::* API,vis-app,APPLICATION INTERFACE,rds,derived,1,1,0
classes/cl_ara_rds_IEEE1722Datagram_90225.html,class,ara::rds::IEEE1722Datagram — ara::* API,vis-app,APPLICATION INTERFACE,rds,derived,3,1,0
classes/cl_ara_rds_IEEE1722RawDataStreamConsumer_90311.html,class,ara::rds::IEEE1722RawDataStreamConsumer — ara::* API,vis-app,APPLICATION INTERFACE,rds,derived,9,1,0
classes/cl_ara_rds_IEEE1722RawDataStreamProducer_90322.html,class,ara::rds::IEEE1722RawDataStreamProducer — ara::* API,vis-app,APPLICATION INTERFACE,rds,derived,9,1,0
classes/cl_ara_rds_RawDataStreamClient_10481.html,class,ara::rds::RawDataStreamClient — ara::* API,vis-app,APPLICATION INTERFACE,rds,derived,13,1,0
classes/cl_ara_rds_RawDataStreamServer_11311.html,class,ara::rds::RawDataStreamServer — ara::* API,vis-app,APPLICATION INTERFACE,rds,derived,13,1,0
classes/cl_ara_rds_RdsErrorDomain_11293.html,class,ara::rds::RdsErrorDomain — ara::* API,vis-app,APPLICATION INTERFACE,rds,derived,6,1,0
classes/cl_ara_rds_RdsException_11291.html,class,ara::rds::RdsException — ara::* API,vis-app,APPLICATION INTERFACE,rds,derived,1,1,0
classes/cl_ara_rds_ReadDataResult_11300.html,class,ara::rds::ReadDataResult — ara::* API,vis-app,APPLICATION INTERFACE,rds,derived,2,1,0
classes/cl_ara_shwa_AcceleratorSelector_c36eb9.html,class,ara::shwa::AcceleratorSelector — ara::* API,vis-app,APPLICATION INTERFACE,shwa,supplemented,2,1,0
classes/cl_ara_shwa_Accessor_f7ce9a.html,class,ara::shwa::Accessor — ara::* API,vis-app,APPLICATION INTERFACE,shwa,supplemented,14,1,0
classes/cl_ara_shwa_Buffer_63e774.html,class,ara::shwa::Buffer — ara::* API,vis-app,APPLICATION INTERFACE,shwa,supplemented,13,1,1
classes/cl_ara_shwa_CpuSelector_479bc6.html,class,ara::shwa::CpuSelector — ara::* API,vis-app,APPLICATION INTERFACE,shwa,supplemented,2,1,0
classes/cl_ara_shwa_DeviceMonitor_33f432.html,class,ara::shwa::DeviceMonitor — ara::* API,vis-app,APPLICATION INTERFACE,shwa,supplemented,8,1,0
classes/cl_ara_shwa_DeviceSelector_128fbb.html,class,ara::shwa::DeviceSelector — ara::* API,vis-app,APPLICATION INTERFACE,shwa,supplemented,3,1,0
classes/cl_ara_shwa_Device_d8015e.html,class,ara::shwa::Device — ara::* API,vis-app,APPLICATION INTERFACE,shwa,supplemented,11,1,0
classes/cl_ara_shwa_ErrorHandler_6e6f89.html,class,ara::shwa::ErrorHandler — ara::* API,vis-app,APPLICATION INTERFACE,shwa,supplemented,7,1,0
classes/cl_ara_shwa_Event_890cff.html,class,ara::shwa::Event — ara::* API,vis-app,APPLICATION INTERFACE,shwa,supplemented,5,1,0
classes/cl_ara_shwa_GpuSelector_5206d4.html,class,ara::shwa::GpuSelector — ara::* API,vis-app,APPLICATION INTERFACE,shwa,supplemented,2,1,0
classes/cl_ara_shwa_Id_2261f1.html,class,ara::shwa::Id — ara::* API,vis-app,APPLICATION INTERFACE,shwa,supplemented,10,1,0
classes/cl_ara_shwa_Platform_a2d416.html,class,ara::shwa::Platform — ara::* API,vis-app,APPLICATION INTERFACE,shwa,supplemented,7,1,0
classes/cl_ara_shwa_PropertyList_e7bb02.html,class,ara::shwa::PropertyList — ara::* API,vis-app,APPLICATION INTERFACE,shwa,supplemented,1,1,0
classes/cl_ara_shwa_Queue_49e139.html,class,ara::shwa::Queue — ara::* API,vis-app,APPLICATION INTERFACE,shwa,supplemented,15,1,1
classes/cl_ara_shwa_Range_e149bc.html,class,ara::shwa::Range — ara::* API,vis-app,APPLICATION INTERFACE,shwa,supplemented,11,1,0
classes/cl_ara_shwa_ShwaErrorDomain_473699.html,class,ara::shwa::ShwaErrorDomain — ara::* API,vis-app,APPLICATION INTERFACE,shwa,supplemented,6,1,0
classes/cl_ara_shwa_ShwaException_d775f4.html,class,ara::shwa::ShwaException — ara::* API,vis-app,APPLICATION INTERFACE,shwa,supplemented,1,1,0
classes/cl_ara_shwa_TaskHandler_71c103.html,class,ara::shwa::TaskHandler — ara::* API,vis-app,APPLICATION INTERFACE,shwa,supplemented,3,1,0
classes/cl_ara_sm_SmErrorDomain_2fd907.html,class,ara::sm::SmErrorDomain — ara::* API,vis-priv,"PRIVILEGED INTERFACE (Users: SM-Control-Application, S2R-Satelliten)",sm,extracted,6,5,1
classes/cl_ara_sm_SmException_0484af.html,class,ara::sm::SmException — ara::* API,vis-priv,"PRIVILEGED INTERFACE (Users: SM-Control-Application, S2R-Satelliten)",sm,extracted,1,2,1
classes/cl_ara_sm_s2r_S2RHub_824327.html,class,ara::sm::s2r::S2RHub — ara::* API,vis-priv,PRIVILEGED INTERFACE (Users: SM-Control-Application),sm,extracted,9,8,1
classes/cl_ara_sm_s2r_S2RSatellite_fbf4f1.html,class,ara::sm::s2r::S2RSatellite — ara::* API,vis-priv,PRIVILEGED INTERFACE (Users: S2R-Satelliten mit SuspendToRamSatelliteMapping),sm,extracted,12,10,1
classes/cl_ara_tsync_ConsumerTimeBaseValidationNotification_6ab1f0.html,class,ara::tsync::ConsumerTimeBaseValidationNotification — ara::* API,vis-app,APPLICATION INTERFACE,tsync,extracted,3,4,1
classes/cl_ara_tsync_PdelayInitiatorMeasurementType_0a8c2b.html,class,ara::tsync::PdelayInitiatorMeasurementType — ara::* API,vis-app,APPLICATION INTERFACE,tsync,extracted,8,1,1
classes/cl_ara_tsync_PdelayResponderMeasurementType_7b9b39.html,class,ara::tsync::PdelayResponderMeasurementType — ara::* API,vis-app,APPLICATION INTERFACE,tsync,extracted,5,1,1
classes/cl_ara_tsync_ProviderTimeBaseValidationNotification_d158e8.html,class,ara::tsync::ProviderTimeBaseValidationNotification — ara::* API,vis-app,APPLICATION INTERFACE,tsync,extracted,3,4,1
classes/cl_ara_tsync_SynchronizedTimeBaseConsumer_83c413.html,class,ara::tsync::SynchronizedTimeBaseConsumer — ara::* API,vis-app,APPLICATION INTERFACE,tsync,extracted,18,18,1
classes/cl_ara_tsync_SynchronizedTimeBaseProvider_07e996.html,class,ara::tsync::SynchronizedTimeBaseProvider — ara::* API,vis-app,APPLICATION INTERFACE,tsync,extracted,15,15,1
classes/cl_ara_tsync_SynchronizedTimeBaseStatus_510bde.html,class,ara::tsync::SynchronizedTimeBaseStatus — ara::* API,vis-app,APPLICATION INTERFACE,tsync,extracted,13,13,1
classes/cl_ara_tsync_TimeBase_accd82.html,class,ara::tsync::TimeBase — ara::* API,vis-app,APPLICATION INTERFACE,tsync,extracted,5,1,1
classes/cl_ara_tsync_TimeMasterMeasurementType_a65f68.html,class,ara::tsync::TimeMasterMeasurementType — ara::* API,vis-app,APPLICATION INTERFACE,tsync,extracted,3,1,1
classes/cl_ara_tsync_TimePrecisionMeasurement_74521c.html,class,ara::tsync::TimePrecisionMeasurement — ara::* API,vis-app,APPLICATION INTERFACE,tsync,extracted,8,1,1
classes/cl_ara_tsync_TimeSlaveMeasurementType_50a9a5.html,class,ara::tsync::TimeSlaveMeasurementType — ara::* API,vis-app,APPLICATION INTERFACE,tsync,extracted,7,1,1
classes/cl_ara_tsync_TsyncErrorDomain_8fb61e.html,class,ara::tsync::TsyncErrorDomain — ara::* API,vis-app,APPLICATION INTERFACE,tsync,extracted,6,5,1
classes/cl_ara_tsync_TsyncException_752179.html,class,ara::tsync::TsyncException — ara::* API,vis-app,APPLICATION INTERFACE,tsync,extracted,1,2,1
classes/cl_ara_tsync_UserData_a97d99.html,class,ara::tsync::UserData — ara::* API,vis-app,APPLICATION INTERFACE,tsync,extracted,3,1,1
classes/cl_hierarchical_namespace_list_lower_skeleton_skeleton_service_a0d0ef.html,class,{<hierarchical-namespace-list-lower-skeleton>}::skeleton::{ <service-interface-name>}Skeleton — ara::* API,vis-app,APPLICATION INTERFACE,com,extracted,2,2,1
classes/cl_std_hash_ara_core_Monostate_a73c80.html,class,std::hash< ara::core::Monostate > — ara::* API,vis-app,APPLICATION INTERFACE,core,extracted,1,2,1
classes/cl_std_hash_ara_core_Optional_T_992b73.html,class,std::hash< ara::core::Optional< T > — ara::* API,vis-app,APPLICATION INTERFACE,core,extracted,0,1,1
classes/cl_std_hash_ara_core_Optional_T_cadf0d.html,class,std::hash< ara::core::Optional< T > > — ara::* API,vis-app,APPLICATION INTERFACE,core,extracted,1,1,1
classes/cl_std_hash_ara_core_StringView_129f65.html,class,std::hash< ara::core::StringView > — ara::* API,vis-app,APPLICATION INTERFACE,core,extracted,1,1,1
classes/cl_std_hash_ara_core_String_71fe0f.html,class,std::hash< ara::core::String > — ara::* API,vis-app,APPLICATION INTERFACE,core,extracted,0,1,1
classes/cl_std_hash_ara_core_Variant_22cf88.html,class,std::hash< ara::core::Variant< — ara::* API,vis-app,APPLICATION INTERFACE,core,extracted,0,1,1
classes/cl_std_hash_ara_core_Variant_Types..._1dc839.html,class,std::hash< ara::core::Variant< Types...                 > > — ara::* API,vis-app,APPLICATION INTERFACE,core,extracted,1,1,1
classes/cl_std_hash_ara_core_Vector_T_Allocator_c98564.html,class,"std::hash< ara::core::Vector< T, Allocator > > — ara::* API",vis-app,APPLICATION INTERFACE,core,extracted,1,1,1
classes/cl_std_tuple_element_I_ara_core_Array_T_N_e90135.html,class,"std::tuple_element< I, ara::core::Array< T, N > > — ara::* API",vis-app,APPLICATION INTERFACE,core,extracted,1,2,1
classes/cl_std_tuple_size_ara_core_Array_T_c75763.html,class,"std::tuple_size< ara::core::Array< T, — ara::* API",vis-app,APPLICATION INTERFACE,core,extracted,0,1,1
index.html,index,ara::* API-Referenz — R25-11,,,,extracted,0,2,1
modules/com.html,module,ara::com — Communication Management,vis-app,APPLICATION INTERFACE (Except INTERNAL apext::com::secoc::*),com,extracted,0,2,1
modules/core.html,module,ara::core — Adaptive Platform Core,vis-app,APPLICATION INTERFACE,core,extracted,0,1,1
modules/crypto.html,module,ara::crypto — Cryptography,vis-app,APPLICATION INTERFACE,crypto,extracted,0,1,1
modules/diag.html,module,ara::diag — Diagnostics,vis-app,APPLICATION INTERFACE (Except INTERNAL apext::diag::uds_transport::*),diag,extracted,0,1,1
modules/exec.html,module,ara::exec — Execution Management,vis-app,"APPLICATION INTERFACE (Except INTERNAL StateClient, FunctionGroup, FunctionGroupState, ExecutionErrorEvent)",exec,extracted,0,1,1
modules/fw.html,module,ara::fw — Firewall — ara::* API,vis-priv,"PRIVILEGED INTERFACE (Users: Prozesse mit AdaptiveFirewallToPortPrototypeMapping, typ. State Management)",fw,derived,0,1,0
modules/idsm.html,module,ara::idsm — Intrusion Detection System Manager — ara::* API,vis-app,APPLICATION INTERFACE,idsm,footer_3,0,1,1
modules/log.html,module,ara::log — Log and Trace,vis-app,APPLICATION INTERFACE (Except INTERNAL apext::log::TraceArti),log,extracted,0,1,1
modules/nm.html,module,ara::nm — Network Management — ara::* API,vis-internal,INTERNAL INTERFACE (Users: State Management),nm,footer_3,0,1,1
modules/per.html,module,ara::per — Persistency,vis-app,APPLICATION INTERFACE,per,extracted,0,1,1
modules/phm.html,module,ara::phm — Platform Health Management,vis-app,"APPLICATION INTERFACE (Except INTERNAL RecoveryAction, apext::phm::WatchdogInterface)",phm,extracted,0,1,1
modules/rds.html,module,ara::rds — Raw Data Streams — ara::* API,vis-app,APPLICATION INTERFACE,rds,derived,0,1,0
modules/shwa.html,module,ara::shwa — Safe Hardware Acceleration — ara::* API,vis-app,APPLICATION INTERFACE,shwa,supplemented,0,1,1
modules/sm.html,module,ara::sm — State Management,vis-priv,"PRIVILEGED INTERFACE (Users: SM-Control-Application, S2R-Satelliten; Except INTERNAL UpdateRequest, UpdateAllowedService, apext::sm::PowerStateInterface)",sm,extracted,0,1,1
modules/tsync.html,module,ara::tsync — Time Synchronization,vis-app,APPLICATION INTERFACE (Except INTERNAL apext::tsync::*),tsync,extracted,0,1,1
modules/ucm.html,module,ara::ucm — Update and Configuration Management,vis-priv,"PRIVILEGED INTERFACE (Users: UCM Client: OTA-Client, V-UCM, Diagnose-Applikation)",ucm,extracted,0,1,0
namespaces/ns_com__SI_Namespace_proxy_250bf1.html,namespace,namespace <SI-Namespace>::proxy — ara::* API,vis-app,APPLICATION INTERFACE,com,extracted,0,0,1
namespaces/ns_com__SI_Namespace_proxy_fields_7fa3bd.html,namespace,namespace <SI-Namespace>::proxy::fields — ara::* API,vis-app,APPLICATION INTERFACE,com,extracted,0,0,1
namespaces/ns_com__SI_Namespace_proxy_methods_abbc87.html,namespace,namespace <SI-Namespace>::proxy::methods — ara::* API,vis-app,APPLICATION INTERFACE,com,extracted,0,0,1
namespaces/ns_com__SI_Namespace_proxy_triggers_58ebca.html,namespace,namespace <SI-Namespace>::proxy::triggers — ara::* API,vis-app,APPLICATION INTERFACE,com,extracted,0,0,1
namespaces/ns_com__SI_Namespace_skeleton_3e0cf2.html,namespace,namespace <SI-Namespace>::skeleton — ara::* API,vis-app,APPLICATION INTERFACE,com,extracted,0,0,1
namespaces/ns_com__SI_Namespace_skeleton_fields_6fe063.html,namespace,namespace <SI-Namespace>::skeleton::fields — ara::* API,vis-app,APPLICATION INTERFACE,com,extracted,0,0,1
namespaces/ns_com__SI_Namespace_skeleton_triggers_9545e4.html,namespace,namespace <SI-Namespace>::skeleton::triggers — ara::* API,vis-app,APPLICATION INTERFACE,com,extracted,0,0,1
namespaces/ns_com_apext_com_secoc_eb0f3c.html,namespace,namespace apext::com::secoc — ara::* API,vis-internal,INTERNAL INTERFACE (Users: Plattform-Integration: SecOC Freshness Value Manager),com,extracted,3,3,1
namespaces/ns_com_ara_com_4a3210.html,namespace,namespace ara::com — ara::* API,vis-app,APPLICATION INTERFACE,com,extracted,15,10,1
namespaces/ns_com_ara_com_e2e_f19464.html,namespace,namespace ara::com::e2e — ara::* API,vis-app,APPLICATION INTERFACE,com,extracted,7,7,1
namespaces/ns_com_ara_com_runtime_ac29a8.html,namespace,namespace ara::com::runtime — ara::* API,vis-app,APPLICATION INTERFACE,com,extracted,1,2,0
namespaces/ns_core_ara_core_e30e31.html,namespace,namespace ara::core — ara::* API,vis-app,APPLICATION INTERFACE,core,extracted,207,167,1
namespaces/ns_core_ara_core_literals_string_view_literals_c613a9.html,namespace,namespace ara::core::literals::string_view_literals — ara::* API,vis-app,APPLICATION INTERFACE,core,extracted,1,1,0
namespaces/ns_core_std_193df4.html,namespace,namespace std — ara::* API,vis-app,APPLICATION INTERFACE,core,extracted,0,0,1
namespaces/ns_crypto_ara_crypto_aacf86.html,namespace,namespace ara::crypto — ara::* API,vis-app,APPLICATION INTERFACE,crypto,extracted,37,6,1
namespaces/ns_crypto_ara_crypto_cryp_39bdc3.html,namespace,namespace ara::crypto::cryp — ara::* API,vis-app,APPLICATION INTERFACE,crypto,extracted,0,1,1
namespaces/ns_crypto_ara_crypto_x509_6a3cad.html,namespace,namespace ara::crypto::x509 — ara::* API,vis-app,APPLICATION INTERFACE,crypto,extracted,27,1,1
namespaces/ns_diag__DataElement_Namespace_ec8528.html,namespace,namespace <DataElement-Namespace> — ara::* API,vis-app,APPLICATION INTERFACE,diag,extracted,0,0,1
namespaces/ns_diag__DataIdentifier_Namespace_c93913.html,namespace,namespace <DataIdentifier-Namespace> — ara::* API,vis-app,APPLICATION INTERFACE,diag,extracted,0,0,1
namespaces/ns_diag__ExtendedDataRecord_Namespace_3a4b0c.html,namespace,namespace <ExtendedDataRecord-Namespace> — ara::* API,vis-app,APPLICATION INTERFACE,diag,extracted,0,0,1
namespaces/ns_diag__RoutineInterface_Namespace_6c463b.html,namespace,namespace <RoutineInterface-Namespace> — ara::* API,vis-app,APPLICATION INTERFACE,diag,extracted,0,0,1
namespaces/ns_diag_apext_diag_uds_transport_215b94.html,namespace,namespace apext::diag::uds_transport — ara::* API,vis-internal,INTERNAL INTERFACE (Users: Plattform-Integration: UDS-Transport),diag,extracted,5,0,1
namespaces/ns_diag_ara_diag_fbd60d.html,namespace,namespace ara::diag — ara::* API,vis-app,APPLICATION INTERFACE,diag,extracted,57,11,1
namespaces/ns_exec_ara_exec_a73810.html,namespace,namespace ara::exec — ara::* API,vis-app,"APPLICATION INTERFACE (Except INTERNAL StateClient, FunctionGroup, FunctionGroupState, ExecutionErrorEvent)",exec,extracted,5,5,1
namespaces/ns_fw_ara_fw_a83f01.html,namespace,namespace ara::fw — ara::* API,vis-priv,"PRIVILEGED INTERFACE (Users: Prozesse mit AdaptiveFirewallToPortPrototypeMapping, typ. State Management)",fw,derived,3,0,0
namespaces/ns_fw_ara_fw_states_a81001.html,namespace,namespace ara::fw::states — ara::* API,vis-priv,"PRIVILEGED INTERFACE (Users: Prozesse mit AdaptiveFirewallToPortPrototypeMapping, typ. State Management)",fw,derived,2,0,0
namespaces/ns_idsm_ara_idsm_c9e8a2.html,namespace,namespace ara::idsm — ara::* API,vis-app,APPLICATION INTERFACE,idsm,footer_3,9,5,0
namespaces/ns_log_apext_log_14fe26.html,namespace,namespace apext::log — ara::* API,vis-internal,INTERNAL INTERFACE (Users: Plattform-Integration: Trace-Tooling/ARTI),log,extracted,1,2,0
namespaces/ns_log_ara_log_10815c.html,namespace,namespace ara::log — ara::* API,vis-app,APPLICATION INTERFACE,log,extracted,31,31,1
namespaces/ns_nm_ara_nm_a7c4d1.html,namespace,namespace ara::nm — ara::* API,vis-internal,INTERNAL INTERFACE (Users: State Management),nm,footer_3,3,4,0
namespaces/ns_per_ara_per_d9a3e9.html,namespace,namespace ara::per — ara::* API,vis-app,APPLICATION INTERFACE,per,extracted,26,16,1
namespaces/ns_phm_apext_phm_c44d23.html,namespace,namespace apext::phm — ara::* API,vis-internal,INTERNAL INTERFACE (Users: Plattform-Integration: Watchdog),phm,extracted,0,1,1
namespaces/ns_phm_ara_phm_9fbd40.html,namespace,namespace ara::phm — ara::* API,vis-app,APPLICATION INTERFACE (Except INTERNAL RecoveryAction),phm,extracted,6,6,1
namespaces/ns_phm_ara_phm_supervised_entities_hierarchical_namespace_list_8fbd5f.html,namespace,namespace ara::phm::supervised_entities::{ <hierarchical-namespace-list-lower-skeleton>} — ara::* API,vis-app,APPLICATION INTERFACE,phm,extracted,2,0,0
namespaces/ns_rds_ara_rds_a90311.html,namespace,namespace ara::rds — ara::* API,vis-app,APPLICATION INTERFACE,rds,derived,3,0,0
namespaces/ns_shwa_ara_shwa_59c3fa.html,namespace,namespace ara::shwa — ara::* API,vis-app,APPLICATION INTERFACE,shwa,supplemented,6,1,0
namespaces/ns_sm_apext_sm_a5dc2b.html,namespace,namespace apext::sm — ara::* API,vis-internal,INTERNAL INTERFACE (Users: Plattform-Integration: Power/Suspend-to-RAM),sm,extracted,2,1,1
namespaces/ns_sm_ara_sm_0efb8d.html,namespace,namespace ara::sm — ara::* API,vis-priv,"PRIVILEGED INTERFACE (Users: SM-Control-Application, S2R-Satelliten)",sm,extracted,3,3,1
namespaces/ns_sm_ara_sm_s2r_b2e85c.html,namespace,namespace ara::sm::s2r — ara::* API,vis-priv,"PRIVILEGED INTERFACE (Users: SM-Control-Application, S2R-Satelliten)",sm,extracted,0,1,1
namespaces/ns_tsync_apext_tsync_4a60ba.html,namespace,namespace apext::tsync — ara::* API,vis-internal,INTERNAL INTERFACE (Users: Plattform-Integration: Zeitsynchronisations-FVM),tsync,extracted,3,4,1
namespaces/ns_tsync_ara_tsync_6055e5.html,namespace,namespace ara::tsync — ara::* API,vis-app,APPLICATION INTERFACE,tsync,extracted,9,9,1
services/sv_com_VerificationStatusConfigurationByDataId_bae065.html,service,VerificationStatusConfigurationByDataId — ara::* API,vis-app,APPLICATION INTERFACE,com,extracted,1,1,0
services/sv_com_VerificationStatusConfigurationByFreshnessId_f27706.html,service,VerificationStatusConfigurationByFreshnessId — ara::* API,vis-app,APPLICATION INTERFACE,com,extracted,1,1,0
services/sv_com_VerificationStatus_8570a9.html,service,VerificationStatus — ara::* API,vis-app,APPLICATION INTERFACE,com,extracted,1,1,0
services/sv_sm_StateMachineNotification_5aed9a.html,service,StateMachineNotification — ara::* API,vis-priv,PRIVILEGED INTERFACE (Users: SM-Control-Application),sm,extracted,1,1,0
services/sv_sm_StateMachineService_b68b0b.html,service,StateMachineService — ara::* API,vis-priv,PRIVILEGED INTERFACE (Users: SM-Control-Application),sm,extracted,1,2,0
services/sv_sm_UpdateAllowedService_ed06fe.html,service,UpdateAllowedService — ara::* API,vis-internal,INTERNAL INTERFACE (Users: Update and Configuration Management),sm,extracted,1,1,0
services/sv_sm_UpdateRequest_5d5803.html,service,UpdateRequest — ara::* API,vis-internal,INTERNAL INTERFACE (Users: Update and Configuration Management),sm,extracted,7,8,0
services/sv_ucm_PackageManagement_3e8fec.html,service,PackageManagement — ara::* API,vis-priv,"PRIVILEGED INTERFACE (Users: UCM Client: OTA-Client, V-UCM, Diagnose-Applikation)",ucm,extracted,21,21,0
